This goes straight into the text file.
So does this.
[ 79802  79803  79808  79809  79810  79811  79812  79813  79814  79815
  79816  79817  79818  79819  79820  79821  79822  79823  79824  79825
  79826  79827  79828  79829  79830  79831  79832  79833  79834  79835
  79836  79837  79838  79839  79840  79841  79842  79843  79844  79845
  79846  79847  79848  79849  79850  79851  79852  79853  79854  79855
  79856  79857  79858  79859  79860  79861  79862  79863  79864  79865
  79866  79867  79868  79869  79870  79871  79872  79873  79874  79875
  79876  79877  79878  79879  79880  79881  79882  79883  79884  79885
  79886  79887  79888  79889  79890  79891  79892  79893  79894  79895
  79896  79897  79898  79899  79900  79901  79902  79903  79904  79905
  79906  79907  79908  79909  79910  79911  79912  79913  79914  79915
  79916  79917  79918  79919  79920  79921  79922  79923  79924  79925
  79926  79927  79928  79929  79930  79931  79932  79933  79934  79935
  79936  79937  79938  79939  79940  79941  79942  79943  79944  79945
  79946  79947  79948  79949  79950  79951  79952  79953  79954  79955
  79956  79957  79958  79959  79960  79961  79962  79963  79964  79965
  79966  79967  79968  79969  79970  79971  79972  79973  79974  79975
  79976  79977  79978  79979  79980  79981  79982  79983  79984  79985
  79986  79987  79988  79989  79990  79991  79992  79993  79994  79995
  79996  79997  79998  79999  80000  80001  80002  80003  80004  80005
  80006  80007  80008  80009  80010  80011  80012  80013  80014  80015
  80016  80017  80018  80019  80020  80021  80022  80023  80024  80025
  80026  80027  80028  80029  80030  80031  80032  80033  80034  80035
  80036  80037  80038  80039  80040  80041  80042  80043  80044  80045
  80046  80047  80048  80049  80050  80051  80052  80053  80054  80055
  80056  80057  80058  80059  80060  80061  80062  80063  80064  80065
  80066  80067  80068  80069  80070  80071  80072  80073  80074  80075
  80076  80077  80078  80079  80080  80081  80082  80083  80084  80085
  80086  80087  80088  80089  80090  80091  80092  80093  80094  80095
  80096  80097  80098  80099  80100  80101  80102  80103  80104  80105
  80106  80107  80108  80109  80110  80111  80112  80113  80114  80115
  80116  80117  80118  80119  80120  80121  80122  80123  80124  80125
  80126  80127  80128  80129  80130  80131  80132  80133  80134  80135
  80136  80137  80138  80139  80140  80141  80142  80143  80144  80145
  80146  80147  80148  80149  80150  80151  80152  80153  80154  80155
  80156  80157  80158  80159  80160  80161  80162  80163  80164  80165
  80166  80167  80168  80169  80170  80171  80172  80173  80174  80175
  80176  80177  80178  80179  80180  80181  80182  80183  80184  80185
  80186  80187  80188  80189  80190  80191  80192  80193  80194  80195
  80196  80197  80198  80199  80200  80201  80202  80203  80204  80205
  80206  80207  80208  80209  80210  80211  80212  80213  80214  80215
  80216  80217  80218  80219  80220  80221  80222  80223  80224  80225
  80226  80227  80228  80229  80230  80231  80232  80233  80234  80235
  80236  80237  80238  80239  80240  80241  80242  80243  80244  80245
  80246  80247  80248  80249  80250  80251  80252  80253  80254  80255
  80256  80257  80258  80259  80260  80261  80262  80263  80264  80265
  80266  80267  80268  80269  80270  80271  80272  80273  80274  80275
  80276  80277  80278  80279  80280  80281  80282  80283  80284  80285
  80286  80287  80288  80289  80290  80291  80292  80293  80294  80295
  80296  80297  80298  80299  80300  80301  80302  80303  80304  80305
  80306  80307  80308  80309  80310  80311  80312  80313  80314  80315
  80316  80317  80318  80319  80320  80321  80322  80323  80324  80325
  80326  80327  80328  80329  80330  80331  80332  80333  80334  80335
  80336  80337  80338  80339  80340  80341  80342  80343  80344  80345
  80346  80347  80348  80349  80350  80351  80352  80353  80354  80355
  80356  80357  80358  80359  80360  80361  80362  80363  80364  80365
  80366  80367  80368  80369  80370  80371  80372  80373  80374  80375
  80376  80377  80378  80379  80380  80381  80382  80383  80384  80385
  80386  80387  80388  80389  80390  80391  80392  80393  80394  80395
  80396  80397  80398  80399  80400  80401  80402  80403  80404  80405
  80406  80407  80408  80409  80410  80411  80412  80413  80414  80415
  80416  80417  80418  80419  80420  80421  80422  80423  80424  80425
  80426  80427  80428  80429  80430  80431  80432  80433  80434  80435
  80436  80437  80438  80439  80440  80441  80442  80443  80444  80445
  80446  80447  80448  80449  80450  80451  80452  80453  80454  80455
  80456  80457  80458  80459  80460  80461  80462  80463  80464  80465
  80466  80467  80468  80469  80470  80471  80472  80473  80474  80475
  80476  80477  80478  80479  80480  80481  80482  80483  80484  80485
  80486  80487  80488  80489  80490  80491  80492  80493  80494  80495
  80496  80497  80498  80499  80500  80501  80502  80503  80504  80505
  80506  80507  80508  80509  80510  80511  80512  80513  80514  80515
  80516  80517  80518  80519  80520  80521  80522  80523  80524  80525
  80526  80527  80528  80529  80530  80531  80532  80533  80534  80535
  80536  80537  80538  80539  80540  80541  80542  80543  80544  80545
  80546  80547  80548  80549  80550  80551  80552  80553  80554  80555
  80556  80557  80558  80559  80560  80561  80562  80563  80564  80565
  80566  80567  80568  80569  80570  80571  80572  80573  80574  80575
  80576  80577  80578  80579  80580  80581  80582  80583  80584  80585
  80586  80587  80588  80589  80590  80591  80592  80593  80594  80595
  80596  80597  80598  80599  80600  80601  80602  80603  80604  80605
  80606  80607  80608  80609  80610  80611  80612  80613  80614  80615
  80616  80617  80618  80619  80620  80621  80622  80623  80624  80625
  80626  80627  80628  80629  80630  80631  80632  80633  80634  80635
  80636  80637  80638  80639  80640  80641  80642  80643  80644  80645
  80646  80647  80648  80649  80650  80651  80652  80653  80654  80655
  80656  80657  80658  80659  80660  80661  80662  80663  80664  80665
  80666  80667  80668  80669  80670  80671  80672  80673  80674  80675
  80676  80677  80678  80679  80680  80681  80682  80683  80684  80685
  80686  80687  80688  80689  80690  80691  80692  80693  80694  80695
  80696  80697  80698  80699  80700  80701  80702  80703  80704  80705
  80706  80707  80708  80709  80710  80711  80712  80713  80714  80715
  80716  80717  80718  80719  80720  80721  80722  80723  80724  80725
  80726  80727  80728  80729  80730  80731  80732  80733  80734  80735
  80736  80737  80738  80739  80740  80741  80742  80743  80744  80745
  80746  80747  80748  80749  80750  80751  80752  80753  80754  80755
  80756  80757  80758  80759  80760  80761  80762  80763  80764  80765
  80766  80767  80768  80769  80770  80771  80772  80773  80774  80775
  80776  80777  80778  80779  80780  80781  80782  80783  80784  80785
  80786  80787  80788  80789  80790  80791  80792  80793  80794  80795
  80796  80797  80798  80799  80800  80801  80802  80803  80804  80805
  80806  80807  80808  80809  80810  80811  80812  80813  80814  80815
  80816  80817  80818  80819  80820  80821  80822  80823  80824  80825
  80826  80827  80828  80829  80830  80831  80832  80833  80834  80835
  80836  80837  80838  80839  80840  80841  80842  80843  80844  80845
  80846  80847  80848  80849  80850  80851  80852  80853  80854  80855
  80856  80857  80858  80859  80860  80861  80862  80863  80864  80865
  80866  80867  80868  80869  80870  80871  80872  80873  80874  80875
  80876  80877  80878  80879  80880  80881  80882  80883  80884  80885
  80886  80887  80888  80889  80890  80891  80892  80893  80894  80895
  80896  80897  80898  80899  80900  80901  80902  80903  80904  80905
  80906  80907  80908  80909  80910  80911  80912  80913  80914  80915
  80916  80917  80918  80919  80920  80921  80922  80923  80924  80925
  80926  80927  80928  80929  80930  80931  80932  80933  80934  80935
  80936  80937  80938  80939  80940  80941  80942  80943  80944  80945
  80946  80947  80948  80949  80950  80951  80952  80953  80954  80955
  80956  80957  80958  80959  80960  80961  80962  80963  80964  80965
  80966  80967  80968  80969  80970  80971  80972  80973  80974  80975
  80976  80977  80978  80979  80980  80981  80982  80983  80984  80985
  80986  80987  80988  80989  80990  80991  80992  80993  80994  80995
  80996  80997  80998  80999  81000  81001  81002  81003  81004  81005
  81006  81007  81008  81009  81010  81011  81012  81013  81014  81015
  81016  81017  81018  81019  81020  81021  81022  81023  81024  81025
  81026  81027  81028  81029  81030  81031  81032  81033  81034  81035
  81036  81037  81038  81039  81040  81041  81042  81043  81044  81045
  81046  81047  81048  81049  81050  81051  81052  81053  81054  81055
  81056  81057  81058  81059  81060  81061  81062  81063  81064  81065
  81066  81067  81068  81069  81070  81071  81072  81073  81074  81075
  81076  81077  81078  81079  81080  81081  81082  81083  81084  81085
  81086  81087  81088  81089  81090  81091  81092  81093  81094  81095
  81096  81097  81098  81099  81100  81101  81102  81103  81104  81105
  81106  81107  81108  81109  81110  81111  81112  81113  81114  81115
  81116  81117  81118  81119  81120  81121  81122  81123  81124  81125
  81126  81127  81128  81129  81130  81131  81132  81133  81134  81135
  81136  81137  81138  81139  81140  81141  81142  81143  81144  81145
  81146  81147  81148  81149  81150  81151  81152  81153  81154  81155
  81156  81157  81158  81159  81160  81161  81162  81163  81164  81165
  81166  81167  81168  81169  81170  81171  81172  81173  81174  81175
  81176  81177  81178  81179  81180  81181  81182  81183  81184  81185
  81186  81187  81188  81189  81190  81191  81192  81193  81194  81195
  81196  81197  81198  81199  81200  81201  81202  81203  81204  81205
  81206  81207  81208  81209  81210  81211  81212  81213  81214  81215
  81216  81217  81218  81219  81220  81221  81222  81223  81224  81225
  81226  81227  81228  81229  81230  81231  81232  81233  81234  81235
  81236  81237  81238  81239  81240  81241  81242  81243  81244  81245
  81246  81247  81248  81249  81250  81251  81252  81253  81254  81255
  81256  81257  81258  81259  81260  81261  81262  81263  81264  81265
  81266  81267  81268  81269  81270  81271  81272  81273  81274  81275
  81276  81277  81278  81279  81280  81281  81282  81283  81284  81285
  81286  81287  81288  81289  81290  81291  81292  81293  81294  81295
  81296  81297  81298  81299  81300  81301  81302  81303  81304  81305
  81306  81307  81308  81309  81310  81311  81312  81313  81314  81315
  81316  81317  81318  81319  81320  81321  81322  81323  81324  81325
  81326  81327  81328  81329  81330  81331  81332  81333  81334  81335
  81336  81337  81338  81339  81340  81341  81342  81343  81344  81345
  81346  81347  81348  81349  81350  81351  81352  81353  81354  81355
  81356  81357  81358  81359  81360  81361  81362  81363  81364  81365
  81366  81367  81368  81369  81370  81371  81372  81373  81374  81375
  81376  81377  81378  81379  81380  81381  81382  81383  81384  81385
  81386  81387  81388  81389  81390  81391  81392  81393  81394  81395
  81396  81397  81398  81399  81400  81401  81402  81403  81404  81405
  81406  81407  81408  81409  81410  81411  81412  81413  81414  81415
  81416  81417  81418  81419  81420  81421  81422  81423  81424  81425
  81426  81427  81428  81429  81430  81431  81432  81433  81434  81435
  81436  81437  81438  81439  81440  81441  81442  81443  81444  81445
  81446  81447  81448  81449  81450  81451  81452  81453  81454  81455
  81456  81457  81458  81459  81460  81461  81462  81463  81464  81465
  81466  81467  81468  81469  81470  81471  81472  81473  81474  81475
  81476  81477  81478  81479  81480  81481  81482  81483  81484  81485
  81486  81487  81488  81489  81490  81491  81492  81493  81494  81495
  81496  81497  81498  81499  81500  81501  81502  81503  81504  81505
  81506  81507  81508  81509  81510  81511  81512  81513  81514  81515
  81516  81517  81518  81519  81520  81521  81522  81523  81524  81525
  81526  81527  81528  81529  81530  81531  81532  81533  81534  81535
  81536  81537  81538  81539  81540  81541  81542  81543  81544  81545
  81546  81547  81548  81549  81550  81551  81552  81553  81554  81555
  81556  81557  81558  81559  81560  81561  81562  81563  81564  81565
  81566  81567  81568  81569  81570  81571  81572  81573  81574  81575
  81576  81577  81578  81579  81580  81581  81582  81583  81584  81585
  81586  81587  81588  81589  81590  81591  81592  81593  81594  81595
  81596  81597  81598  81599  81600  81601  81602  81603  81604  81605
  81606  81607  81608  81609  81610  81611  81612  81613  81614  81615
  81616  81617  81618  81619  81620  81621  81622  81623  81624  81625
  81626  81627  81628  81629  81630  81631  81632  81633  81634  81635
  81636  81637  81638  81639  81640  81641  81642  81643  81644  81645
  81646  81647  81648  81649  81650  81651  81652  81653  81654  81655
  81656  81657  81658  81659  81660  81661  81662  81663  81664  81665
  81666  81667  81668  81669  81670  81671  81672  81673  81674  81675
  81676  81677  81678  81679  81680  81681  81682  81683  81684  81685
  81686  81687  81688  81689  81690  81691  81692  81693  81694  81695
  81696  81697  81698  81699  81700  81701  81702  81703  81704  81705
  81706  81707  81708  81709  81710  81711  81712  81713  81714  81715
  81716  81717  81718  81719  81720  81721  81722  81723  81724  81725
  81726  81727  81728  81729  81730  81731  81732  81733  81734  81735
  81736  81737  81738  81739  81740  81741  81742  81743  81744  81745
  81746  81747  81748  81749  81750  81751  81752  81753  81754  81755
  81756  81757  81758  81759  81760  81761  81762  81763  81764  81765
  81766  81767  81768  81769  81770  81771  81772  81773  81774  81775
  81776  81777  81778  81779  81780  81781  81782  81783  81784  81785
  81786  81787  81788  81789  81790  81791  81792  81793  81794  81795
  81796  81797  81798  81799  81800  81801  81802  81803  81804  81805
  81806  81807  81808  81809  81810  81811  81812  81813  81814  81815
  81816  81817  81818  81819  81820  81821  81822  81823  81824  81825
  81826  81827  81828  81829  81830  81831  81832  81833  81834  81835
  81836  81837  81838  81839  81840  81841  81842  81843  81844  81845
  81846  81847  81848  81849  81850  81851  81852  81853  81854  81855
  81856  81857  81858  81859  81860  81861  81862  81863  81864  81865
  81866  81867  81868  81869  81870  81871  81872  81873  81874  81875
  81876  81877  81878  81879  81880  81881  81882  81883  81884  81885
  81886  81887  81888  81889  81890  81891  81892  81893  81894  81895
  81896  81897  81898  81899  81900  81901  81902  81903  81904  81905
  81906  81907  81908  81909  81910  81911  81912  81913  81914  81915
  81916  81917  81918  81919  81920  81921  81922  81923  81924  81925
  81926  81927  81928  81929  81930  81931  81932  81933  81934  81935
  81936  81937  81938  81939  81940  81941  81942  81943  81944  81945
  81946  81947  81948  81949  81950  81951  81952  81953  81954  81955
  81956  81957  81958  81959  81960  81961  81962  81963  81964  81965
  81966  81967  81968  81969  81970  81971  81972  81973  81974  81975
  81976  81977  81978  81979  81980  81981  81982  81983  81984  81985
  81986  81987  81988  81989  81990  81991  81992  81993  81994  81995
  81996  81997  81998  81999  82000  82001  82002  82003  82004  82005
  82006  82007  82008  82009  82010  82011  82012  82013  82014  82015
  82016  82017  82018  82019  82020  82021  82022  82023  82024  82025
  82026  82027  82028  82029  82030  82031  82032  82033  82034  82035
  82036  82037  82038  82039  82040  82041  82042  82043  82044  82045
  82046  82047  82048  82049  82050  82051  82052  82053  82054  82055
  82056  82057  82058  82059  82060  82061  82062  82063  82064  82065
  82066  82067  82068  82069  82070  82071  82072  82073  82074  82075
  82076  82077  82078  82079  82080  82081  82082  82083  82084  82085
  82086  82087  82088  82089  82090  82091  82092  82093  82094  82095
  82096  82097  82098  82099  82100  82101  82102  82103  82104  82105
  82106  82107  82108  82109  82110  82111  82112  82113  82114  82115
  82116  82117  82118  82119  82120  82121  82122  82123  82124  82125
  82126  82127  82128  82129  82130  82131  82132  82133  82134  82135
  82136  82137  82138  82139  82140  82141  82142  82143  82144  82145
  82146  82147  82148  82149  82150  82151  82152  82153  82154  82155
  82156  82157  82158  82159  82160  82161  82162  82163  82164  82165
  82166  82167  82168  82169  82170  82171  82172  82173  82174  82175
  82176  82177  82178  82179  82180  82181  82182  82183  82184  82185
  82186  82187  82188  82189  82190  82191  82192  82193  82194  82195
  82196  82197  82198  82199  82200  82201  82202  82203  82204  82205
  82206  82207  82208  82209  82210  82211  82212  82213  82214  82215
  82216  82217  82218  82219  82220  82221  82222  82223  82224  82225
  82226  82227  82228  82229  82230  82231  82232  82233  82234  82235
  82236  82237  82238  82239  82240  82241  82242  82243  82244  82245
  82246  82247  82248  82249  82250  82251  82252  82253  82254  82255
  82256  82257  82258  82259  82260  82261  82262  82263  82264  82265
  82266  82267  82268  82269  82270  82271  82272  82273  82274  82275
  82276  82277  82278  82279  82280  82281  82282  82283  82284  82285
  82286  82287  82288  82289  82290  82291  82292  82293  82294  82295
  82296  82297  82298  82299  82300  82301  82302  82303  82304  82305
  82306  82307  82308  82309  82310  82311  82312  82313  82314  82315
  82316  82317  82318  82319  82320  82321  82322  82323  82324  82325
  82326  82327  82328  82329  82330  82331  82332  82333  82334  82335
  82336  82337  82338  82339  82340  82341  82342  82343  82344  82345
  82346  82347  82348  82349  82350  82351  82352  82353  82354  82355
  82356  82357  82358  82359  82360  82361  82362  82363  82364  82365
  82366  82367  82368  82369  82370  82371  82372  82373  82374  82375
  82376  82377  82378  82379  82380  82381  82382  82383  82384  82385
  82386  82387  82388  82389  82390  82391  82392  82393  82394  82395
  82396  82397  82398  82399  82400  82401  82402  82403  82404  82405
  82406  82407  82408  82409  82410  82411  82412  82413  82414  82415
  82416  82417  82418  82419  82420  82421  82422  82423  82424  82425
  82426  82427  82428  82429  82430  82431  82432  82433  82434  82435
  82436  82437  82438  82439  82440  82441  82442  82443  82444  82445
  82446  82447  82448  82449  82450  82451  82452  82453  82454  82455
  82456  82457  82458  82459  82460  82461  82462  82463  82464  82465
  82466  82467  82468  82469  82470  82471  82472  82473  82474  82475
  82476  82477  82478  82479  82480  82481  82482  82483  82484  82485
  82486  82487  82488  82489  82490  82491  82492  82493  82494  82495
  82496  82497  82498  82499  82500  82501  82502  82503  82504  82505
  82506  82507  82508  82509  82510  82511  82512  82513  82514  82515
  82516  82517  82518  82519  82520  82521  82522  82523  82524  82525
  82526  82527  82528  82529  82530  82531  82532  82533  82534  82535
  82536  82537  82538  82539  82540  82541  82542  82543  82544  82545
  82546  82547  82548  82549  82550  82551  82552  82553  82554  82555
  82556  82557  82558  82559  82560  82561  82562  82563  82564  82565
  82566  82567  82568  82569  82570  82571  82572  82573  82574  82575
  82576  82577  82578  82579  82580  82581  82582  82583  82584  82585
  82586  82587  82588  82589  82590  82591  82592  82593  82594  82595
  82596  82597  82598  82599  82600  82601  82602  82603  82604  82605
  82606  82607  82608  82609  82610  82611  82612  82613  82614  82615
  82616  82617  82618  82619  82620  82621  82622  82623  82624  82625
  82626  82627  82628  82629  82630  82631  82632  82633  82634  82635
  82636  82637  82638  82639  82640  82641  82642  82643  82644  82645
  82646  82647  82648  82649  82650  82651  82652  82653  82654  82655
  82656  82657  82658  82659  82660  82661  82662  82663  82664  82665
  82666  82667  82668  82669  82670  82671  82672  82673  82674  82675
  82676  82677  82678  82679  82680  82681  82682  82683  82684  82685
  82686  82687  82688  82689  82690  82691  82692  82693  82694  82695
  82696  82697  82698  82699  82700  82701  82702  82703  82704  82705
  82706  82707  82708  82709  82710  82711  82712  82713  82714  82715
  82716  82717  82718  82719  82720  82721  82722  82723  82724  82725
  82726  82727  82728  82729  82730  82731  82732  82733  82734  82735
  82736  82737  82738  82739  82740  82741  82742  82743  82744  82745
  82746  82747  82748  82749  82750  82751  82752  82753  82754  82755
  82756  82757  82758  82759  82760  82761  82762  82763  82764  82765
  82766  82767  82768  82769  82770  82771  82772  82773  82774  82775
  82776  82777  82778  82779  82780  82781  82782  82783  82784  82785
  82786  82787  82788  82789  82790  82791  82792  82793  82794  82795
  82796  82797  82798  82799  82800  82801  82802  82803  82804  82805
  82806  82807  82808  82809  82810  82811  82812  82813  82814  82815
  82816  82817  82818  82819  82820  82821  82822  82823  82824  82825
  82826  82827  82828  82829  82830  82831  82832  82833  82834  82835
  82836  82837  82838  82839  82840  82841  82842  82843  82844  82845
  82846  82847  82848  82849  82850  82851  82852  82853  82854  82855
  82856  82857  82858  82859  82860  82861  82862  82863  82864  82865
  82866  82867  82868  82869  82870  82871  82872  82873  82874  82875
  82876  82877  82878  82879  82880  82881  82882  82883  82884  82885
  82886  82887  82888  82889  82890  82891  82892  82893  82894  82895
  82896  82897  82898  82899  82900  82901  82902  82903  82904  82905
  82906  82907  82908  82909  82910  82911  82912  82913  82914  82915
  82916  82917  82918  82919  82920  82921  82922  82923  82924  82925
  82926  82927  82928  82929  82930  82931  82932  82933  82934  82935
  82936  82937  82938  82939  82940  82941  82942  82943  82944  82945
  82946  82947  82948  82949  82950  82951  82952  82953  82954  82955
  82956  82957  82958  82959  82960  82961  82962  82963  82964  82965
  82966  82967  82968  82969  82970  82971  82972  82973  82974  82975
  82976  82977  82978  82979  82980  82981  82982  82983  82984  82985
  82986  82987  82988  82989  82990  82991  82992  82993  82994  82995
  82996  82997  82998  82999  83000  83001  83002  83003  83004  83005
  83006  83007  83008  83009  83010  83011  83012  83013  83014  83015
  83016  83017  83018  83019  83020  83021  83022  83023  83024  83025
  83026  83027  83028  83029  83030  83031  83032  83033  83034  83035
  83036  83037  83038  83039  83040  83041  83042  83043  83044  83045
  83046  83047  83048  83049  83050  83051  83052  83053  83054  83055
  83056  83057  83058  83059  83060  83061  83062  83063  83064  83065
  83066  83067  83068  83069  83070  83071  83072  83073  83074  83075
  83076  83077  83078  83079  83080  83081  83082  83083  83084  83085
  83086  83087  83088  83089  83090  83091  83092  83093  83094  83095
  83096  83097  83098  83099  83100  83101  83102  83103  83104  83105
  83106  83107  83108  83109  83110  83111  83112  83113  83114  83115
  83116  83117  83118  83119  83120  83121  83122  83123  83124  83125
  83126  83127  83128  83129  83130  83131  83132  83133  83134  83135
  83136  83137  83138  83139  83140  83141  83142  83143  83144  83145
  83146  83147  83148  83149  83150  83151  83152  83153  83154  83155
  83156  83157  83158  83159  83160  83161  83162  83163  83164  83165
  83166  83167  83168  83169  83170  83171  83172  83173  83174  83175
  83176  83177  83178  83179  83180  83181  83182  83183  83184  83185
  83186  83187  83188  83189  83190  83191  83192  83193  83194  83195
  83196  83197  83198  83199  83200  83201  83202  83203  83204  83205
  83206  83207  83208  83209  83210  83211  83212  83213  83214  83215
  83216  83217  83218  83219  83220  83221  83222  83223  83224  83225
  83226  83227  83228  83229  83230  83231  83232  83233  83234  83235
  83236  83237  83238  83239  83240  83241  83242  83243  83244  83245
  83246  83247  83248  83249  83250  83251  83252  83253  83254  83255
  83256  83257  83258  83259  83260  83261  83262  83263  83264  83265
  83266  83267  83268  83269  83270  83271  83272  83273  83274  83275
  83276  83277  83278  83279  83280  83281  83282  83283  83284  83285
  83286  83287  83288  83289  83290  83291  83292  83293  83294  83295
  83296  83297  83298  83299  83300  83301  83302  83303  83304  83305
  83306  83307  83308  83309  83310  83311  83312  83313  83314  83315
  83316  83317  83318  83319  83320  83321  83322  83323  83324  83325
  83326  83327  83328  83329  83330  83331  83332  83333  83334  83335
  83336  83337  83338  83339  83340  83341  83342  83343  83344  83345
  83346  83347  83348  83349  83350  83351  83352  83353  83354  83355
  83356  83357  83358  83359  83360  83361  83362  83363  83364  83365
  83366  83367  83368  83369  83370  83371  83372  83373  83374  83375
  83376  83377  83378  83379  83380  83381  83382  83383  83384  83385
  83386  83387  83388  83389  83390  83391  83392  83393  83394  83395
  83396  83397  83398  83399  83400  83401  83402  83403  83404  83405
  83406  83407  83408  83409  83410  83411  83412  83413  83414  83415
  83416  83417  83418  83419  83420  83421  83422  83423  83424  83425
  83426  83427  83428  83429  83430  83431  83432  83433  83434  83435
  83436  83437  83438  83439  83440  83441  83442  83443  83444  83445
  83446  83447  83448  83449  83450  83451  83452  83453  83454  83455
  83456  83457  83458  83459  83460  83461  83462  83463  83464  83465
  83466  83467  83468  83469  83470  83471  83472  83473  83474  83475
  83476  83477  83478  83479  83480  83481  83482  83483  83484  83485
  83486  83487  83488  83489  83490  83491  83492  83493  83494  83495
  83496  83497  83498  83499  83500  83501  83502  83503  83504  83505
  83506  83507  83508  83509  83510  83511  83512  83513  83514  83515
  83516  83517  83518  83519  83520  83521  83522  83523  83524  83525
  83526  83527  83528  83529  83530  83531  83532  83533  83534  83535
  83536  83537  83538  83539  83540  83541  83542  83543  83544  83545
  83546  83547  83548  83549  83550  83551  83552  83553  83554  83555
  83556  83557  83558  83559  83560  83561  83562  83563  83564  83565
  83566  83567  83568  83569  83570  83571  83572  83573  83574  83575
  83576  83577  83578  83579  83580  83581  83582  83583  83584  83585
  83586  83587  83588  83589  83590  83591  83592  83593  83594  83595
  83596  83597  83598  83599  83600  83601  83602  83603  83604  83605
  83606  83607  83608  83609  83610  83611  83612  83613  83614  83615
  83616  83617  83618  83619  83620  83621  83622  83623  83624  83625
  83626  83627  83628  83629  83630  83631  83632  83633  83634  83635
  83636  83637  83638  83639  83640  83641  83642  83643  83644  83645
  83646  83647  83648  83649  83650  83651  83652  83653  83654  83655
  83656  83657  83658  83659  83660  83661  83662  83663  83664  83665
  83666  83667  83668  83669  83670  83671  83672  83673  83674  83675
  83676  83677  83678  83679  83680  83681  83682  83683  83684  83685
  83686  83687  83688  83689  83690  83691  83692  83693  83694  83695
  83696  83697  83698  83699  83700  83701  83702  83703  83704  83705
  83706  83707  83708  83709  83710  83711  83712  83713  83714  83715
  83716  83717  83718  83719  83720  83721  83722  83723  83724  83725
  83726  83727  83728  83729  83730  83731  83732  83733  83734  83735
  83736  83737  83738  83739  83740  83741  83742  83743  83744  83745
  83746  83747  83748  83749  83750  83751  83752  83753  83754  83755
  83756  83757  83758  83759  83760  83761  83762  83763  83764  83765
  83766  83767  83768  83769  83770  83771  83772  83773  83774  83775
  83776  83777  83778  83779  83780  83781  83782  83783  83784  83785
  83786  83787  83788  83789  83790  83791  83792  83793  83794  83795
  83796  83797  83798  83799  83800  83801  83802  83803  83804  83805
  83806  83807  83808  83809  83810  83811  83812  83813  83814  83815
  83816  83817  83818  83819  83820  83821  83822  83823  83824  83825
  83826  83827  83828  83829  83830  83831  83832  83833  83834  83835
  83836  83837  83838  83839  83840  83841  83842  83843  83844  83845
  83846  83847  83848  83849  83850  83851  83852  83853  83854  83855
  83856  83857  83858  83859  83860  83861  83862  83863  83864  83865
  83866  83867  83868  83869  83870  83871  83872  83873  83874  83875
  83876  83877  83878  83879  83880  83881  83882  83883  83884  83885
  83886  83887  83888  83889  83890  83891  83892  83893  83894  83895
  83896  83897  83898  83899  83900  83901  83902  83903  83904  83905
  83906  83907  83908  83909  83910  83911  83912  83913  83914  83915
  83916  83917  83918  83919  83920  83921  83922  83923  83924  83925
  83926  83927  83928  83929  83930  83931  83932  83933  83934  83935
  83936  83937  83938  83939  83940  83941  83942  83943  83944  83945
  83946  83947  83948  83949  83950  83951  83952  83953  83954  83955
  83956  83957  83958  83959  83960  83961  83962  83963  83964  83965
  83966  83967  83968  83969  83970  83971  83972  83973  83974  83975
  83976  83977  83978  83979  83980  83981  83982  83983  83984  83985
  83986  83987  83988  83989  83990  83991  83992  83993  83994  83995
  83996  83997  83998  83999  84000  84001  84002  84003  84004  84005
  84006  84007  84008  84009  84010  84011  84012  84013  84014  84015
  84016  84017  84018  84019  84020  84021  84022  84023  84024  84025
  84026  84027  84028  84029  84030  84031  84032  84033  84034  84035
  84036  84037  84038  84039  84040  84041  84042  84043  84044  84045
  84046  84047  84048  84049  84050  84051  84052  84053  84054  84055
  84056  84057  84058  84059  84060  84061  84062  84063  84064  84065
  84066  84067  84068  84069  84070  84071  84072  84073  84074  84075
  84076  84077  84078  84079  84080  84081  84082  84083  84084  84085
  84086  84087  84088  84089  84090  84091  84092  84093  84094  84095
  84096  84097  84098  84099  84100  84101  84102  84103  84104  84105
  84106  84107  84108  84109  84110  84111  84112  84113  84114  84115
  84116  84117  84118  84119  84120  84121  84122  84123  84124  84125
  84126  84127  84128  84129  84130  84131  84132  84133  84134  84135
  84136  84137  84138  84139  84140  84141  84142  84143  84144  84145
  84146  84147  84148  84149  84150  84151  84152  84153  84154  84155
  84156  84157  84158  84159  84160  84161  84162  84163  84164  84165
  84166  84167  84168  84169  84170  84171  84172  84173  84174  84175
  84176  84177  84178  84179  84180  84181  84182  84183  84184  84185
  84186  84187  84188  84189  84190  84191  84192  84193  84194  84195
  84196  84197  84198  84199  84200  84201  84202  84203  84204  84205
  84206  84207  84208  84209  84210  84211  84212  84213  84214  84215
  84216  84217  84218  84219  84220  84221  84222  84223  84224  84225
  84226  84227  84228  84229  84230  84231  84232  84233  84234  84235
  84236  84237  84238  84239  84240  84241  84242  84243  84244  84245
  84246  84247  84248  84249  84250  84251  84252  84253  84254  84255
  84256  84257  84258  84259  84260  84261  84262  84263  84264  84265
  84266  84267  84268  84269  84270  84271  84272  84273  84274  84275
  84276  84277  84278  84279  84280  84281  84282  84283  84284  84285
  84286  84287  84288  84289  84290  84291  84292  84293  84294  84295
  84296  84297  84298  84299  84300  84301  84302  84303  84304  84305
  84306  84307  84308  84309  84310  84311  84312  84313  84314  84315
  84316  84317  84318  84319  84320  84321  84322  84323  84324  84325
  84326  84327  84328  84329  84330  84331  84332  84333  84334  84335
  84336  84337  84338  84339  84340  84341  84342  84343  84344  84345
  84346  84347  84348  84349  84350  84351  84352  84353  84354  84355
  84356  84357  84358  84359  84360  84361  84362  84363  84364  84365
  84366  84367  84368  84369  84370  84371  84372  84373  84374  84375
  84376  84377  84378  84379  84380  84381  84382  84383  84384  84385
  84386  84387  84388  84389  84390  84391  84392  84393  84394  84395
  84396  84397  84398  84399  84400  84401  84402  84403  84404  84405
  84406  84407  84408  84409  84410  84411  84412  84413  84414  84415
  84416  84417  84418  84419  84420  84421  84422  84423  84424  84425
  84426  84427  84428  84429  84430  84431  84432  84433  84434  84435
  84436  84437  84438  84439  84440  84441  84442  84443  84444  84445
  84446  84447  84448  84449  84450  84451  84452  84453  84454  84455
  84456  84457  84458  84459  84460  84461  84462  84463  84464  84465
  84466  84467  84468  84469  84470  84471  84472  84473  84474  84475
  84476  84477  84478  84479  84480  84481  84482  84483  84484  84485
  84486  84487  84488  84489  84490  84491  84492  84493  84494  84495
  84496  84497  84498  84499  84500  84501  84502  84503  84504  84505
  84506  84507  84508  84509  84510  84511  84512  84513  84514  84515
  84516  84517  84518  84519  84520  84521  84522  84523  84524  84525
  84526  84527  84528  84529  84530  84531  84532  84533  84534  84535
  84536  84537  84538  84539  84540  84541  84542  84543  84544  84545
  84546  84547  84548  84549  84550  84551  84552  84553  84554  84555
  84556  84557  84558  84559  84560  84561  84562  84563  84564  84565
  84566  84567  84568  84569  84570  84571  84572  84573  84574  84575
  84576  84577  84578  84579  84580  84581  84582  84583  84584  84585
  84586  84587  84588  84589  84590  84591  84592  84593  84594  84595
  84596  84597  84598  84599  84600  84601  84602  84603  84604  84605
  84606  84607  84608  84609  84610  84611  84612  84613  84614  84615
  84616  84617  84618  84619  84620  84621  84622  84623  84624  84625
  84626  84627  84628  84629  84630  84631  84632  84633  84634  84635
  84636  84637  84638  84639  84640  84641  84642  84643  84644  84645
  84646  84647  84648  84649  84650  84651  84652  84653  84654  84655
  84656  84657  84658  84659  84660  84661  84662  84663  84664  84665
  84666  84667  84668  84669  84670  84671  84672  84673  84674  84675
  84676  84677  84678  84679  84680  84681  84682  84683  84684  84685
  84686  84687  84688  84689  84690  84691  84692  84693  84694  84695
  84696  84697  84698  84699  84700  84701  84702  84703  84704  84705
  84706  84707  84708  84709  84710  84711  84712  84713  84714  84715
  84716  84717  84718  84719  84720  84721  84722  84723  84724  84725
  84726  84727  84728  84729  84730  84731  84732  84733  84734  84735
  84736  84737  84738  84739  84740  84741  84742  84743  84744  84745
  84746  84747  84748  84749  84750  84751  84752  84753  84754  84755
  84756  84757  84758  84759  84760  84761  84762  84763  84764  84765
  84766  84767  84768  84769  84770  84771  84772  84773  84774  84775
  84776  84777  84778  84779  84780  84781  84782  84783  84784  84785
  84786  84787  84788  84789  84790  84791  84792  84793  84794  84795
  84796  84797  84798  84799  84800  84801  84802  84803  84804  84805
  84806  84807  84808  84809  84810  84811  84812  84813  84814  84815
  84816  84817  84818  84819  84820  84821  84822  84823  84824  84825
  84826  84827  84828  84829  84830  84831  84832  84833  84834  84835
  84836  84837  84838  84839  84840  84841  84842  84843  84844  84845
  84846  84847  84848  84849  84850  84851  84852  84853  84854  84855
  84856  84857  84858  84859  84860  84861  84862  84863  84864  84865
  84866  84867  84868  84869  84870  84871  84872  84873  84874  84875
  84876  84877  84878  84879  84880  84881  84882  84883  84884  84885
  84886  84887  84888  84889  84890  84891  84892  84893  84894  84895
  84896  84897  84898  84899  84900  84901  84902  84903  84904  84905
  84906  84907  84908  84909  84910  84911  84912  84913  84914  84915
  84916  84917  84918  84919  84920  84921  84922  84923  84924  84925
  84926  84927  84928  84929  84930  84931  84932  84933  84934  84935
  84936  84937  84938  84939  84940  84941  84942  84943  84944  84945
  84946  84947  84948  84949  84950  84951  84952  84953  84954  84955
  84956  84957  84958  84959  84960  84961  84962  84963  84964  84965
  84966  84967  84968  84969  84970  84971  84972  84973  84974  84975
  84976  84977  84978  84979  84980  84981  84982  84983  84984  84985
  84986  84987  84988  84989  84990  84991  84992  84993  84994  84995
  84996  84997  84998  84999  85000  85001  85002  85003  85004  85005
  85006  85007  85008  85009  85010  85011  85012  85013  85014  85015
  85016  85017  85018  85019  85020  85021  85022  85023  85024  85025
  85026  85027  85028  85029  85030  85031  85032  85033  85034  85035
  85036  85037  85038  85039  85040  85041  85042  85043  85044  85045
  85046  85047  85048  85049  85050  85051  85052  85053  85054  85055
  85056  85057  85058  85059  85060  85061  85062  85063  85064  85065
  85066  85067  85068  85069  85070  85071  85072  85073  85074  85075
  85076  85077  85078  85079  85080  85081  85082  85083  85084  85085
  85086  85087  85088  85089  85090  85091  85092  85093  85094  85095
  85096  85097  85098  85099  85100  85101  85102  85103  85104  85105
  85106  85107  85108  85109  85110  85111  85112  85113  85114  85115
  85116  85117  85118  85119  85120  85121  85122  85123  85124  85125
  85126  85127  85128  85129  85130  85131  85132  85133  85134  85135
  85136  85137  85138  85139  85140  85141  85142  85143  85144  85145
  85146  85147  85148  85149  85150  85151  85152  85153  85154  85155
  85156  85157  85158  85159  85160  85161  85162  85163  85164  85165
  85166  85167  85168  85169  85170  85171  85172  85173  85174  85175
  85176  85177  85178  85179  85180  85181  85182  85183  85184  85185
  85186  85187  85188  85189  85190  85191  85192  85193  85194  85195
  85196  85197  85198  85199  85200  85201  85202  85203  85204  85205
  85206  85207  85208  85209  85210  85211  85212  85213  85214  85215
  85216  85217  85218  85219  85220  85221  85222  85223  85224  85225
  85226  85227  85228  85229  85230  85231  85232  85233  85234  85235
  85236  85237  85238  85239  85240  85241  85242  85243  85244  85245
  85246  85247  85248  85249  85250  85251  85252  85253  85254  85255
  85256  85257  85258  85259  85260  85261  85262  85263  85264  85265
  85266  85267  85268  85269  85270  85271  85272  85273  85274  85275
  85276  85277  85278  85279  85280  85281  85282  85283  85284  85285
  85286  85287  85288  85289  85290  85291  85292  85293  85294  85295
  85296  85297  85298  85299  85300  85301  85302  85303  85304  85305
  85306  85307  85308  85309  85310  85311  85312  85313  85314  85315
  85316  85317  85318  85319  85320  85321  85322  85323  85324  85325
  85326  85327  85328  85329  85330  85331  85332  85333  85334  85335
  85336  85337  85338  85339  85340  85341  85342  85343  85344  85345
  85346  85347  85348  85349  85350  85351  85352  85353  85354  85355
  85356  85357  85358  85359  85360  85361  85362  85363  85364  85365
  85366  85367  85368  85369  85370  85371  85372  85373  85374  85375
  85376  85377  85378  85379  85380  85381  85382  85383  85384  85385
  85386  85387  85388  85389  85390  85391  85392  85393  85394  85395
  85396  85397  85398  85399  85400  85401  85402  85403  85404  85405
  85406  85407  85408  85409  85410  85411  85412  85413  85414  85415
  85416  85417  85418  85419  85420  85421  85422  85423  85424  85425
  85426  85427  85428  85429  85430  85431  85432  85433  85434  85435
  85436  85437  85438  85439  85440  85441  85442  85443  85444  85445
  85446  85447  85448  85449  85450  85451  85452  85453  85454  85455
  85456  85457  85458  85459  85460  85461  85462  85463  85464  85465
  85466  85467  85468  85469  85470  85471  85472  85473  85474  85475
  85476  85477  85478  85479  85480  85481  85482  85483  85484  85485
  85486  85487  85488  85489  85490  85491  85492  85493  85494  85495
  85496  85497  85498  85499  85500  85501  85502  85503  85504  85505
  85506  85507  85508  85509  85510  85511  85512  85513  85514  85515
  85516  85517  85518  85519  85520  85521  85522  85523  85524  85525
  85526  85527  85528  85529  85530  85531  85532  85533  85534  85535
  85536  85537  85538  85539  85540  85541  85542  85543  85544  85545
  85546  85547  85548  85549  85550  85551  85552  85553  85554  85555
  85556  85557  85558  85559  85560  85561  85562  85563  85564  85565
  85566  85567  85568  85569  85570  85571  85572  85573  85574  85575
  85576  85577  85578  85579  85580  85581  85582  85583  85584  85585
  85586  85587  85588  85589  85590  85591  85592  85593  85594  85595
  85596  85597  85598  85599  85600  85601  85602  85603  85604  85605
  85606  85607  85608  85609  85610  85611  85612  85613  85614  85615
  85616  85617  85618  85619  85620  85621  85622  85623  85624  85625
  85626  85627  85628  85629  85630  85631  85632  85633  85634  85635
  85636  85637  85638  85639  85640  85641  85642  85643  85644  85645
  85646  85647  85648  85649  85650  85651  85652  85653  85654  85655
  85656  85657  85658  85659  85660  85661  85662  85663  85664  85665
  85666  85667  85668  85669  85670  85671  85672  85673  85674  85675
  85676  85677  85678  85679  85680  85681  85682  85683  85684  85685
  85686  85687  85688  85689  85690  85691  85692  85693  85694  85695
  85696  85697  85698  85699  85700  85701  85702  85703  85704  85705
  85706  85707  85708  85709  85710  85711  85712  85713  85714  85715
  85716  85717  85718  85719  85720  85721  85722  85723  85724  85725
  85726  85727  85728  85729  85730  85731  85732  85733  85734  85735
  85736  85737  85738  85739  85740  85741  85742  85743  85744  85745
  85746  85747  85748  85749  85750  85751  85752  85753  85754  85755
  85756  85757  85758  85759  85760  85761  85762  85763  85764  85765
  85766  85767  85768  85769  85770  85771  85772  85773  85774  85775
  85776  85777  85778  85779  85780  85781  85782  85783  85784  85785
  85786  85787  85788  85789  85790  85791  85792  85793  85794  85795
  85796  85797  85798  85799  85800  85801  85802  85803  85804  85805
  85806  85807  85808  85809  85810  85811  85812  85813  85814  85815
  85816  85817  85818  85819  85820  85821  85822  85823  85824  85825
  85826  85827  85828  85829  85830  85831  85832  85833  85834  85835
  85836  85837  85838  85839  85840  85841  85842  85843  85844  85845
  85846  85847  85848  85849  85850  85851  85852  85853  85854  85855
  85856  85857  85858  85859  85860  85861  85862  85863  85864  85865
  85866  85867  85868  85869  85870  85871  85872  85873  85874  85875
  85876  85877  85878  85879  85880  85881  85882  85883  85884  85885
  85886  85887  85888  85889  85890  85891  85892  85893  85894  85895
  85896  85897  85898  85899  85900  85901  85902  85903  85904  85905
  85906  85907  85908  85909  85910  85911  85912  85913  85914  85915
  85916  85917  85918  85919  85920  85921  85922  85923  85924  85925
  85926  85927  85928  85929  85930  85931  85932  85933  85934  85935
  85936  85937  85938  85939  85940  85941  85942  85943  85944  85945
  85946  85947  85948  85949  85950  85951  85952  85953  85954  85955
  85956  85957  85958  85959  85960  85961  85962  85963  85964  85965
  85966  85967  85968  85969  85970  85971  85972  85973  85974  85975
  85976  85977  85978  85979  85980  85981  85982  85983  85984  85985
  85986  85987  85988  85989  85990  85991  85992  85993  85994  85995
  85996  85997  85998  85999  86000  86001  86002  86003  86004  86005
  86006  86007  86008  86009  86010  86011  86012  86013  86014  86015
  86016  86017  86018  86019  86020  86021  86022  86023  86024  86025
  86026  86027  86028  86029  86030  86031  86032  86033  86034  86035
  86036  86037  86038  86039  86040  86041  86042  86043  86044  86045
  86046  86047  86048  86049  86050  86051  86052  86053  86054  86055
  86056  86057  86058  86059  86060  86061  86062  86063  86064  86065
  86066  86067  86068  86069  86070  86071  86072  86073  86074  86075
  86076  86077  86078  86079  86080  86081  86082  86083  86084  86085
  86086  86087  86088  86089  86090  86091  86092  86093  86094  86095
  86096  86097  86098  86099  86100  86101  86102  86103  86104  86105
  86106  86107  86108  86109  86110  86111  86112  86113  86114  86115
  86116  86117  86118  86119  86120  86121  86122  86123  86124  86125
  86126  86127  86128  86129  86130  86131  86132  86133  86134  86135
  86136  86137  86138  86139  86140  86141  86142  86143  86144  86145
  86146  86147  86148  86149  86150  86151  86152  86153  86154  86155
  86156  86157  86158  86159  86160  86161  86162  86163  86164  86165
  86166  86167  86168  86169  86170  86171  86172  86173  86174  86175
  86176  86177  86178  86179  86180  86181  86182  86183  86184  86185
  86186  86187  86188  86189  86190  86191  86192  86193  86194  86195
  86196  86197  86198  86199  86200  86201  86202  86203  86204  86205
  86206  86207  86208  86209  86210  86211  86212  86213  86214  86215
  86216  86217  86218  86219  86220  86221  86222  86223  86224  86225
  86226  86227  86228  86229  86230  86231  86232  86233  86234  86235
  86236  86237  86238  86239  86240  86241  86242  86243  86244  86245
  86246  86247  86248  86249  86250  86251  86252  86253  86254  86255
  86256  86257  86258  86259  86260  86261  86262  86263  86264  86265
  86266  86267  86268  86269  86270  86271  86272  86273  86274  86275
  86276  86277  86278  86279  86280  86281  86282  86283  86284  86285
  86286  86287  86288  86289  86290  86291  86292  86293  86294  86295
  86296  86297  86298  86299  86300  86301  86302  86303  86304  86305
  86306  86307  86308  86309  86310  86311  86312  86313  86314  86315
  86316  86317  86318  86319  86320  86321  86322  86323  86324  86325
  86326  86327  86328  86329  86330  86331  86332  86333  86334  86335
  86336  86337  86338  86339  86340  86341  86342  86343  86344  86345
  86346  86347  86348  86349  86350  86351  86352  86353  86354  86355
  86356  86357  86358  86359  86360  86361  86362  86363  86364  86365
  86366  86367  86368  86369  86370  86371  86372  86373  86374  86375
  86376  86377  86378  86379  86380  86381  86382  86383  86384  86385
  86386  86387  86388  86389  86390  86391  86392  86393  86394  86395
  86396  86397  86398  86399  86400  86401  86402  86403  86404  86405
  86406  86407  86408  86409  86410  86411  86412  86413  86414  86415
  86416  86417  86418  86419  86420  86421  86422  86423  86424  86425
  86426  86427  86428  86429  86430  86431  86432  86433  86434  86435
  86436  86437  86438  86439  86440  86441  86442  86443  86444  86445
  86446  86447  86448  86449  86450  86451  86452  86453  86454  86455
  86456  86457  86458  86459  86460  86461  86462  86463  86464  86465
  86466  86467  86468  86469  86470  86471  86472  86473  86474  86475
  86476  86477  86478  86479  86480  86481  86482  86483  86484  86485
  86486  86487  86488  86489  86490  86491  86492  86493  86494  86495
  86496  86497  86498  86499  86500  86501  86502  86503  86504  86505
  86506  86507  86508  86509  86510  86511  86512  86513  86514  86515
  86516  86517  86518  86519  86520  86521  86522  86523  86524  86525
  86526  86527  86528  86529  86530  86531  86532  86533  86534  86535
  86536  86537  86538  86539  86540  86541  86542  86543  86544  86545
  86546  86547  86548  86549  86550  86551  86552  86553  86554  86555
  86556  86557  86558  86559  86560  86561  86562  86563  86564  86565
  86566  86567  86568  86569  86570  86571  86572  86573  86574  86575
  86576  86577  86578  86579  86580  86581  86582  86583  86584  86585
  86586  86587  86588  86589  86590  86591  86592  86593  86594  86595
  86596  86597  86598  86599  86600  86601  86602  86603  86604  86605
  86606  86607  86608  86609  86610  86611  86612  86613  86614  86615
  86616  86617  86618  86619  86620  86621  86622  86623  86624  86625
  86626  86627  86628  86629  86630  86631  86632  86633  86634  86635
  86636  86637  86638  86639  86640  86641  86642  86643  86644  86645
  86646  86647  86648  86649  86650  86651  86652  86653  86654  86655
  86656  86657  86658  86659  86660  86661  86662  86663  86664  86665
  86666  86667  86668  86669  86670  86671  86672  86673  86674  86675
  86676  86677  86678  86679  86680  86681  86682  86683  86684  86685
  86686  86687  86688  86689  86690  86691  86692  86693  86694  86695
  86696  86697  86698  86699  86700  86701  86702  86703  86704  86705
  86706  86707  86708  86709  86710  86711  86712  86713  86714  86715
  86716  86717  86718  86719  86720  86721  86722  86723  86724  86725
  86726  86727  86728  86729  86730  86731  86732  86733  86734  86735
  86736  86737  86738  86739  86740  86741  86742  86743  86744  86745
  86746  86747  86748  86749  86750  86751  86752  86753  86754  86755
  86756  86757  86758  86759  86760  86761  86762  86763  86764  86765
  86766  86767  86768  86769  86770  86771  86772  86773  86774  86775
  86776  86777  86778  86779  86780  86781  86782  86783  86784  86785
  86786  86787  86788  86789  86790  86791  86792  86793  86794  86795
  86796  86797  86798  86799  86800  86801  86802  86803  86804  86805
  86806  86807  86808  86809  86810  86811  86812  86813  86814  86815
  86816  86817  86818  86819  86820  86821  86822  86823  86824  86825
  86826  86827  86828  86829  86830  86831  86832  86833  86834  86835
  86836  86837  86838  86839  86840  86841  86842  86843  86844  86845
  86846  86847  86848  86849  86850  86851  86852  86853  86854  86855
  86856  86857  86858  86859  86860  86861  86862  86863  86864  86865
  86866  86867  86868  86869  86870  86871  86872  86873  86874  86875
  86876  86877  86878  86879  86880  86881  86882  86883  86884  86885
  86886  86887  86888  86889  86890  86891  86892  86893  86894  86895
  86896  86897  86898  86899  86900  86901  86902  86903  86904  86905
  86906  86907  86908  86909  86910  86911  86912  86913  86914  86915
  86916  86917  86918  86919  86920  86921  86922  86923  86924  86925
  86926  86927  86928  86929  86930  86931  86932  86933  86934  86935
  86936  86937  86938  86939  86940  86941  86942  86943  86944  86945
  86946  86947  86948  86949  86950  86951  86952  86953  86954  86955
  86956  86957  86958  86959  86960  86961  86962  86963  86964  86965
  86966  86967  86968  86969  86970  86971  86972  86973  86974  86975
  86976  86977  86978  86979  86980  86981  86982  86983  86984  86985
  86986  86987  86988  86989  86990  86991  86992  86993  86994  86995
  86996  86997  86998  86999  87000  87001  87002  87003  87004  87005
  87006  87007  87008  87009  87010  87011  87012  87013  87014  87015
  87016  87017  87018  87019  87020  87021  87022  87023  87024  87025
  87026  87027  87028  87029  87030  87031  87032  87033  87034  87035
  87036  87037  87038  87039  87040  87041  87042  87043  87044  87045
  87046  87047  87048  87049  87050  87051  87052  87053  87054  87055
  87056  87057  87058  87059  87060  87061  87062  87063  87064  87065
  87066  87067  87068  87069  87070  87071  87072  87073  87074  87075
  87076  87077  87078  87079  87080  87081  87082  87083  87084  87085
  87086  87087  87088  87089  87090  87091  87092  87093  87094  87095
  87096  87097  87098  87099  87100  87101  87102  87103  87104  87105
  87106  87107  87108  87109  87110  87111  87112  87113  87114  87115
  87116  87117  87118  87119  87120  87121  87122  87123  87124  87125
  87126  87127  87128  87129  87130  87131  87132  87133  87134  87135
  87136  87137  87138  87139  87140  87141  87142  87143  87144  87145
  87146  87147  87148  87149  87150  87151  87152  87153  87154  87155
  87156  87157  87158  87159  87160  87161  87162  87163  87164  87165
  87166  87167  87168  87169  87170  87171  87172  87173  87174  87175
  87176  87177  87178  87179  87180  87181  87182  87183  87184  87185
  87186  87187  87188  87189  87190  87191  87192  87193  87194  87195
  87196  87197  87198  87199  87200  87201  87202  87203  87204  87205
  87206  87207  87208  87209  87210  87211  87212  87213  87214  87215
  87216  87217  87218  87219  87220  87221  87222  87223  87224  87225
  87226  87227  87228  87229  87230  87231  87232  87233  87234  87235
  87236  87237  87238  87239  87240  87241  87242  87243  87244  87245
  87246  87247  87248  87249  87250  87251  87252  87253  87254  87255
  87256  87257  87258  87259  87260  87261  87262  87263  87264  87265
  87266  87267  87268  87269  87270  87271  87272  87273  87274  87275
  87276  87277  87278  87279  87280  87281  87282  87283  87284  87285
  87286  87287  87288  87289  87290  87291  87292  87293  87294  87295
  87296  87297  87298  87299  87300  87301  87302  87303  87304  87305
  87306  87307  87308  87309  87310  87311  87312  87313  87314  87315
  87316  87317  87318  87319  87320  87321  87322  87323  87324  87325
  87326  87327  87328  87329  87330  87331  87332  87333  87334  87335
  87336  87337  87338  87339  87340  87341  87342  87343  87344  87345
  87346  87347  87348  87349  87350  87351  87352  87353  87354  87355
  87356  87357  87358  87359  87360  87361  87362  87363  87364  87365
  87366  87367  87368  87369  87370  87371  87372  87373  87374  87375
  87376  87377  87378  87379  87380  87381  87382  87383  87384  87385
  87386  87387  87388  87389  87390  87391  87392  87393  87394  87395
  87396  87397  87398  87399  87400  87401  87402  87403  87404  87405
  87406  87407  87408  87409  87410  87411  87412  87413  87414  87415
  87416  87417  87418  87419  87420  87421  87422  87423  87424  87425
  87426  87427  87428  87429  87430  87431  87432  87433  87434  87435
  87436  87437  87438  87439  87440  87441  87442  87443  87444  87445
  87446  87447  87448  87449  87450  87451  87452  87453  87454  87455
  87456  87457  87458  87459  87460  87461  87462  87463  87464  87465
  87466  87467  87468  87469  87470  87471  87472  87473  87474  87475
  87476  87477  87478  87479  87480  87481  87482  87483  87484  87485
  87486  87487  87488  87489  87490  87491  87492  87493  87494  87495
  87496  87497  87498  87499  87500  87501  87502  87503  87504  87505
  87506  87507  87508  87509  87510  87511  87512  87513  87514  87515
  87516  87517  87518  87519  87520  87521  87522  87523  87524  87525
  87526  87527  87528  87529  87530  87531  87532  87533  87534  87535
  87536  87537  87538  87539  87540  87541  87542  87543  87544  87545
  87546  87547  87548  87549  87550  87551  87552  87553  87554  87555
  87556  87557  87558  87559  87560  87561  87562  87563  87564  87565
  87566  87567  87568  87569  87570  87571  87572  87573  87574  87575
  87576  87577  87578  87579  87580  87581  87582  87583  87584  87585
  87586  87587  87588  87589  87590  87591  87592  87593  87594  87595
  87596  87597  87598  87599  87600  87601  87602  87603  87604  87605
  87606  87607  87608  87609  87610  87611  87612  87613  87614  87615
  87616  87617  87618  87619  87620  87621  87622  87623  87624  87625
  87626  87627  87628  87629  87630  87631  87632  87633  87634  87635
  87636  87637  87638  87639  87640  87641  87642  87643  87644  87645
  87646  87647  87648  87649  87650  87651  87652  87653  87654  87655
  87656  87657  87658  87659  87660  87661  87662  87663  87664  87665
  87666  87667  87668  87669  87670  87671  87672  87673  87674  87675
  87676  87677  87678  87679  87680  87681  87682  87683  87684  87685
  87686  87687  87688  87689  87690  87691  87692  87693  87694  87695
  87696  87697  87698  87699  87700  87701  87702  87703  87704  87705
  87706  87707  87708  87709  87710  87711  87712  87713  87714  87715
  87716  87717  87718  87719  87720  87721  87722  87723  87724  87725
  87726  87727  87728  87729  87730  87731  87732  87733  87734  87735
  87736  87737  87738  87739  87740  87741  87742  87743  87744  87745
  87746  87747  87748  87749  87750  87751  87752  87753  87754  87755
  87756  87757  87758  87759  87760  87761  87762  87763  87764  87765
  87766  87767  87768  87769  87770  87771  87772  87773  87774  87775
  87776  87777  87778  87779  87780  87781  87782  87783  87784  87785
  87786  87787  87788  87789  87790  87791  87792  87793  87794  87795
  87796  87797  87798  87799  87800  87801  87802  87803  87804  87805
  87806  87807  87808  87809  87810  87811  87812  87813  87814  87815
  87816  87817  87818  87819  87820  87821  87822  87823  87824  87825
  87826  87827  87828  87829  87830  87831  87832  87833  87834  87835
  87836  87837  87838  87839  87840  87841  87842  87843  87844  87845
  87846  87847  87848  87849  87850  87851  87852  87853  87854  87855
  87856  87857  87858  87859  87860  87861  87862  87863  87864  87865
  87866  87867  87868  87869  87870  87871  87872  87873  87874  87875
  87876  87877  87878  87879  87880  87881  87882  87883  87884  87885
  87886  87887  87888  87889  87890  87891  87892  87893  87894  87895
  87896  87897  87898  87899  87900  87901  87902  87903  87904  87905
  87906  87907  87908  87909  87910  87911  87912  87913  87914  87915
  87916  87917  87918  87919  87920  87921  87922  87923  87924  87925
  87926  87927  87928  87929  87930  87931  87932  87933  87934  87935
  87936  87937  87938  87939  87940  87941  87942  87943  87944  87945
  87946  87947  87948  87949  87950  87951  87952  87953  87954  87955
  87956  87957  87958  87959  87960  87961  87962  87963  87964  87965
  87966  87967  87968  87969  87970  87971  87972  87973  87974  87975
  87976  87977  87978  87979  87980  87981  87982  87983  87984  87985
  87986  87987  87988  87989  87990  87991  87992  87993  87994  87995
  87996  87997  87998  87999  88000  88001  88002  88003  88004  88005
  88006  88007  88008  88009  88010  88011  88012  88013  88014  88015
  88016  88017  88018  88019  88020  88021  88022  88023  88024  88025
  88026  88027  88028  88029  88030  88031  88032  88033  88034  88035
  88036  88037  88038  88039  88040  88041  88042  88043  88044  88045
  88046  88047  88048  88049  88050  88051  88052  88053  88054  88055
  88056  88057  88058  88059  88060  88061  88062  88063  88064  88065
  88066  88067  88068  88069  88070  88071  88072  88073  88074  88075
  88076  88077  88078  88079  88080  88081  88082  88083  88084  88085
  88086  88087  88088  88089  88090  88091  88092  88093  88094  88095
  88096  88097  88098  88099  88100  88101  88102  88103  88104  88105
  88106  88107  88108  88109  88110  88111  88112  88113  88114  88115
  88116  88117  88118  88119  88120  88121  88122  88123  88124  88125
  88126  88127  88128  88129  88130  88131  88132  88133  88134  88135
  88136  88137  88138  88139  88140  88141  88142  88143  88144  88145
  88146  88147  88148  88149  88150  88151  88152  88153  88154  88155
  88156  88157  88158  88159  88160  88161  88162  88163  88164  88165
  88166  88167  88168  88169  88170  88171  88172  88173  88174  88175
  88176  88177  88178  88179  88180  88181  88182  88183  88184  88185
  88186  88187  88188  88189  88190  88191  88192  88193  88194  88195
  88196  88197  88198  88199  88200  88201  88202  88203  88204  88205
  88206  88207  88208  88209  88210  88211  88212  88213  88214  88215
  88216  88217  88218  88219  88220  88221  88222  88223  88224  88225
  88226  88227  88228  88229  88230  88231  88232  88233  88234  88235
  88236  88237  88238  88239  88240  88241  88242  88243  88244  88245
  88246  88247  88248  88249  88250  88251  88252  88253  88254  88255
  88256  88257  88258  88259  88260  88261  88262  88263  88264  88265
  88266  88267  88268  88269  88270  88271  88272  88273  88274  88275
  88276  88277  88278  88279  88280  88281  88282  88283  88284  88285
  88286  88287  88288  88289  88290  88291  88292  88293  88294  88295
  88296  88297  88298  88299  88300  88301  88302  88303  88304  88305
  88306  88307  88308  88309  88310  88311  88312  88313  88314  88315
  88316  88317  88318  88319  88320  88321  88322  88323  88324  88325
  88326  88327  88328  88329  88330  88331  88332  88333  88334  88335
  88336  88337  88338  88339  88340  88341  88342  88343  88344  88345
  88346  88347  88348  88349  88350  88351  88352  88353  88354  88355
  88356  88357  88358  88359  88360  88361  88362  88363  88364  88365
  88366  88367  88368  88369  88370  88371  88372  88373  88374  88375
  88376  88377  88378  88379  88380  88381  88382  88383  88384  88385
  88386  88387  88388  88389  88390  88391  88392  88393  88394  88395
  88396  88397  88398  88399  88400  88401  88402  88403  88404  88405
  88406  88407  88408  88409  88410  88411  88412  88413  88414  88415
  88416  88417  88418  88419  88420  88421  88422  88423  88424  88425
  88426  88427  88428  88429  88430  88431  88432  88433  88434  88435
  88436  88437  88438  88439  88440  88441  88442  88443  88444  88445
  88446  88447  88448  88449  88450  88451  88452  88453  88454  88455
  88456  88457  88458  88459  88460  88461  88462  88463  88464  88465
  88466  88467  88468  88469  88470  88471  88472  88473  88474  88475
  88476  88477  88478  88479  88480  88481  88482  88483  88484  88485
  88486  88487  88488  88489  88490  88491  88492  88493  88494  88495
  88496  88497  88498  88499  88500  88501  88502  88503  88504  88505
  88506  88507  88508  88509  88510  88511  88512  88513  88514  88515
  88516  88517  88518  88519  88520  88521  88522  88523  88524  88525
  88526  88527  88528  88529  88530  88531  88532  88533  88534  88535
  88536  88537  88538  88539  88540  88541  88542  88543  88544  88545
  88546  88547  88548  88549  88550  88551  88552  88553  88554  88555
  88556  88557  88558  88559  88560  88561  88562  88563  88564  88565
  88566  88567  88568  88569  88570  88571  88572  88573  88574  88575
  88576  88577  88578  88579  88580  88581  88582  88583  88584  88585
  88586  88587  88588  88589  88590  88591  88592  88593  88594  88595
  88596  88597  88598  88599  88600  88601  88602  88603  88604  88605
  88606  88607  88608  88609  88610  88611  88612  88613  88614  88615
  88616  88617  88618  88619  88620  88621  88622  88623  88624  88625
  88626  88627  88628  88629  88630  88631  88632  88633  88634  88635
  88636  88637  88638  88639  88640  88641  88642  88643  88644  88645
  88646  88647  88648  88649  88650  88651  88652  88653  88654  88655
  88656  88657  88658  88659  88660  88661  88662  88663  88664  88665
  88666  88667  88668  88669  88670  88671  88672  88673  88674  88675
  88676  88677  88678  88679  88680  88681  88682  88683  88684  88685
  88686  88687  88688  88689  88690  88691  88692  88693  88694  88695
  88696  88697  88698  88699  88700  88701  88702  88703  88704  88705
  88706  88707  88708  88709  88710  88711  88712  88713  88714  88715
  88716  88717  88718  88719  88720  88721  88722  88723  88724  88725
  88726  88727  88728  88729  88730  88731  88732  88733  88734  88735
  88736  88737  88738  88739  88740  88741  88742  88743  88744  88745
  88746  88747  88748  88749  88750  88751  88752  88753  88754  88755
  88756  88757  88758  88759  88760  88761  88762  88763  88764  88765
  88766  88767  88768  88769  88770  88771  88772  88773  88774  88775
  88776  88777  88778  88779  88780  88781  88782  88783  88784  88785
  88786  88787  88788  88789  88790  88791  88792  88793  88794  88795
  88796  88797  88798  88799  88800  88801  88802  88803  88804  88805
  88806  88807  88808  88809  88810  88811  88812  88813  88814  88815
  88816  88817  88818  88819  88820  88821  88822  88823  88824  88825
  88826  88827  88828  88829  88830  88831  88832  88833  88834  88835
  88836  88837  88838  88839  88840  88841  88842  88843  88844  88845
  88846  88847  88848  88849  88850  88851  88852  88853  88854  88855
  88856  88857  88858  88859  88860  88861  88862  88863  88864  88865
  88866  88867  88868  88869  88870  88871  88872  88873  88874  88875
  88876  88877  88878  88879  88880  88881  88882  88883  88884  88885
  88886  88887  88888  88889  88890  88891  88892  88893  88894  88895
  88896  88897  88898  88899  88900  88901  88902  88903  88904  88905
  88906  88907  88908  88909  88910  88911  88912  88913  88914  88915
  88916  88917  88918  88919  88920  88921  88922  88923  88924  88925
  88926  88927  88928  88929  88930  88931  88932  88933  88934  88935
  88936  88937  88938  88939  88940  88941  88942  88943  88944  88945
  88946  88947  88948  88949  88950  88951  88952  88953  88954  88955
  88956  88957  88958  88959  88960  88961  88962  88963  88964  88965
  88966  88967  88968  88969  88970  88971  88972  88973  88974  88975
  88976  88977  88978  88979  88980  88981  88982  88983  88984  88985
  88986  88987  88988  88989  88990  88991  88992  88993  88994  88995
  88996  88997  88998  88999  89000  89001  89002  89003  89004  89005
  89006  89007  89008  89009  89010  89011  89012  89013  89014  89015
  89016  89017  89018  89019  89020  89021  89022  89023  89024  89025
  89026  89027  89028  89029  89030  89031  89032  89033  89034  89035
  89036  89037  89038  89039  89040  89041  89042  89043  89044  89045
  89046  89047  89048  89049  89050  89051  89052  89053  89054  89055
  89056  89057  89058  89059  89060  89061  89062  89063  89064  89065
  89066  89067  89068  89069  89070  89071  89072  89073  89074  89075
  89076  89077  89078  89079  89080  89081  89082  89083  89084  89085
  89086  89087  89088  89089  89090  89091  89092  89093  89094  89095
  89096  89097  89098  89099  89100  89101  89102  89103  89104  89105
  89106  89107  89108  89109  89110  89111  89112  89113  89114  89115
  89116  89117  89118  89119  89120  89121  89122  89123  89124  89125
  89126  89127  89128  89129  89130  89131  89132  89133  89134  89135
  89136  89137  89138  89139  89140  89141  89142  89143  89144  89145
  89146  89147  89148  89149  89150  89151  89152  89153  89154  89155
  89156  89157  89158  89159  89160  89161  89162  89163  89164  89165
  89166  89167  89168  89169  89170  89171  89172  89173  89174  89175
  89176  89177  89178  89179  89180  89181  89182  89183  89184  89185
  89186  89187  89188  89189  89190  89191  89192  89193  89194  89195
  89196  89197  89198  89199  89200  89201  89202  89203  89204  89205
  89206  89207  89208  89209  89210  89211  89212  89213  89214  89215
  89216  89217  89218  89219  89220  89221  89222  89223  89224  89225
  89226  89227  89228  89229  89230  89231  89232  89233  89234  89235
  89236  89237  89238  89239  89240  89241  89242  89243  89244  89245
  89246  89247  89248  89249  89250  89251  89252  89253  89254  89255
  89256  89257  89258  89259  89260  89261  89262  89263  89264  89265
  89266  89267  89268  89269  89270  89271  89272  89273  89274  89275
  89276  89277  89278  89279  89280  89281  89282  89283  89284  89285
  89286  89287  89288  89289  89290  89291  89292  89293  89294  89295
  89296  89297  89298  89299  89300  89301  89302  89303  89304  89305
  89306  89307  89308  89309  89310  89311  89312  89313  89314  89315
  89316  89317  89318  89319  89320  89321  89322  89323  89324  89325
  89326  89327  89328  89329  89330  89331  89332  89333  89334  89335
  89336  89337  89338  89339  89340  89341  89342  89343  89344  89345
  89346  89347  89348  89349  89350  89351  89352  89353  89354  89355
  89356  89357  89358  89359  89360  89361  89362  89363  89364  89365
  89366  89367  89368  89369  89370  89371  89372  89373  89374  89375
  89376  89377  89378  89379  89380  89381  89382  89383  89384  89385
  89386  89387  89388  89389  89390  89391  89392  89393  89394  89395
  89396  89397  89398  89399  89400  89401  89402  89403  89404  89405
  89406  89407  89408  89409  89410  89411  89412  89413  89414  89415
  89416  89417  89418  89419  89420  89421  89422  89423  89424  89425
  89426  89427  89428  89429  89430  89431  89432  89433  89434  89435
  89436  89437  89438  89439  89440  89441  89442  89443  89444  89445
  89446  89447  89448  89449  89450  89451  89452  89453  89454  89455
  89456  89457  89458  89459  89460  89461  89462  89463  89464  89465
  89466  89467  89468  89469  89470  89471  89472  89473  89474  89475
  89476  89477  89478  89479  89480  89481  89482  89483  89484  89485
  89486  89487  89488  89489  89490  89491  89492  89493  89494  89495
  89496  89497  89498  89499  89500  89501  89502  89503  89504  89505
  89506  89507  89508  89509  89510  89511  89512  89513  89514  89515
  89516  89517  89518  89519  89520  89521  89522  89523  89524  89525
  89526  89527  89528  89529  89530  89531  89532  89533  89534  89535
  89536  89537  89538  89539  89540  89541  89542  89543  89544  89545
  89546  89547  89548  89549  89550  89551  89552  89553  89554  89555
  89556  89557  89558  89559  89560  89561  89562  89563  89564  89565
  89566  89567  89568  89569  89570  89571  89572  89573  89574  89575
  89576  89577  89578  89579  89580  89581  89582  89583  89584  89585
  89586  89587  89588  89589  89590  89591  89592  89593  89594  89595
  89596  89597  89598  89599  89600  89601  89602  89603  89604  89605
  89606  89607  89608  89609  89610  89611  89612  89613  89614  89615
  89616  89617  89618  89619  89620  89621  89622  89623  89624  89625
  89626  89627  89628  89629  89630  89631  89632  89633  89634  89635
  89636  89637  89638  89639  89640  89641  89642  89643  89644  89645
  89646  89647  89648  89649  89650  89651  89652  89653  89654  89655
  89656  89657  89658  89659  89660  89661  89662  89663  89664  89665
  89666  89667  89668  89669  89670  89671  89672  89673  89674  89675
  89676  89677  89678  89679  89680  89681  89682  89683  89684  89685
  89686  89687  89688  89689  89690  89691  89692  89693  89694  89695
  89696  89697  89698  89699  89700  89701  89702  89703  89704  89705
  89706  89707  89708  89709  89710  89711  89712  89713  89714  89715
  89716  89717  89718  89719  89720  89721  89722  89723  89724  89725
  89726  89727  89728  89729  89730  89731  89732  89733  89734  89735
  89736  89737  89738  89739  89740  89741  89742  89743  89744  89745
  89746  89747  89748  89749  89750  89751  89752  89753  89754  89755
  89756  89757  89758  89759  89760  89761  89762  89763  89764  89765
  89766  89767  89768  89769  89770  89771  89772  89773  89774  89775
  89776  89777  89778  89779  89780  89781  89782  89783  89784  89785
  89786  89787  89788  89789  89790  89791  89792  89793  89794  89795
  89796  89797  89798  89799  89800  89801  89802  89803  89804  89805
  89806  89807  89808  89809  89810  89811  89812  89813  89814  89815
  89816  89817  89818  89819  89820  89821  89822  89823  89824  89825
  89826  89827  89828  89829  89830  89831  89832  89833  89834  89835
  89836  89837  89838  89839  89840  89841  89842  89843  89844  89845
  89846  89847  89848  89849  89850  89851  89852  89853  89854  89855
  89856  89857  89858  89859  89860  89861  89862  89863  89864  89865
  89866  89867  89868  89869  89870  89871  89872  89873  89874  89875
  89876  89877  89878  89879  89880  89881  89882  89883  89884  89885
  89886  89887  89888  89889  89890  89891  89892  89893  89894  89895
  89896  89897  89898  89899  89900  89901  89902  89903  89904  89905
  89906  89907  89908  89909  89910  89911  89912  89913  89914  89915
  89916  89917  89918  89919  89920  89921  89922  89923  89924  89925
  89926  89927  89928  89929  89930  89931  89932  89933  89934  89935
  89936  89937  89938  89939  89940  89941  89942  89943  89944  89945
  89946  89947  89948  89949  89950  89951  89952  89953  89954  89955
  89956  89957  89958  89959  89960  89961  89962  89963  89964  89965
  89966  89967  89968  89969  89970  89971  89972  89973  89974  89975
  89976  89977  89978  89979  89980  89981  89982  89983  89984  89985
  89986  89987  89988  89989  89990  89991  89992  89993  89994  89995
  89996  89997  89998  89999  90000  90001  90002  90003  90004  90005
  90006  90007  90008  90009  90010  90011  90012  90013  90014  90015
  90016  90017  90018  90019  90020  90021  90022  90023  90024  90025
  90026  90027  90028  90029  90030  90031  90032  90033  90034  90035
  90036  90037  90038  90039  90040  90041  90042  90043  90044  90045
  90046  90047  90048  90049  90050  90051  90052  90053  90054  90055
  90056  90057  90058  90059  90060  90061  90062  90063  90064  90065
  90066  90067  90068  90069  90070  90071  90072  90073  90074  90075
  90076  90077  90078  90079  90080  90081  90082  90083  90084  90085
  90086  90087  90088  90089  90090  90091  90092  90093  90094  90095
  90096  90097  90098  90099  90100  90101  90102  90103  90104  90105
  90106  90107  90108  90109  90110  90111  90112  90113  90114  90115
  90116  90117  90118  90119  90120  90121  90122  90123  90124  90125
  90126  90127  90128  90129  90130  90131  90132  90133  90134  90135
  90136  90137  90138  90139  90140  90141  90142  90143  90144  90145
  90146  90147  90148  90149  90150  90151  90152  90153  90154  90155
  90156  90157  90158  90159  90160  90161  90162  90163  90164  90165
  90166  90167  90168  90169  90170  90171  90172  90173  90174  90175
  90176  90177  90178  90179  90180  90181  90182  90183  90184  90185
  90186  90187  90188  90189  90190  90191  90192  90193  90194  90195
  90196  90197  90198  90199  90200  90201  90202  90203  90204  90205
  90206  90207  90208  90209  90210  90211  90212  90213  90214  90215
  90216  90217  90218  90219  90220  90221  90222  90223  90224  90225
  90226  90227  90228  90229  90230  90231  90232  90233  90234  90235
  90236  90237  90238  90239  90240  90241  90242  90243  90244  90245
  90246  90247  90248  90249  90250  90251  90252  90253  90254  90255
  90256  90257  90258  90259  90260  90261  90262  90263  90264  90265
  90266  90267  90268  90269  90270  90271  90272  90273  90274  90275
  90276  90277  90278  90279  90280  90281  90282  90283  90284  90285
  90286  90287  90288  90289  90290  90291  90292  90293  90294  90295
  90296  90297  90298  90299  90300  90301  90302  90303  90304  90305
  90306  90307  90308  90309  90310  90311  90312  90313  90314  90315
  90316  90317  90318  90319  90320  90321  90322  90323  90324  90325
  90326  90327  90328  90329  90330  90331  90332  90333  90334  90335
  90336  90337  90338  90339  90340  90341  90342  90343  90344  90345
  90346  90347  90348  90349  90350  90351  90352  90353  90354  90355
  90356  90357  90358  90359  90360  90361  90362  90363  90364  90365
  90366  90367  90368  90369  90370  90371  90372  90373  90374  90375
  90376  90377  90378  90379  90380  90381  90382  90383  90384  90385
  90386  90387  90388  90389  90390  90391  90392  90393  90394  90395
  90396  90397  90398  90399  90400  90401  90402  90403  90404  90405
  90406  90407  90408  90409  90410  90411  90412  90413  90414  90415
  90416  90417  90418  90419  90420  90421  90422  90423  90424  90425
  90426  90427  90428  90429  90430  90431  90432  90433  90434  90435
  90436  90437  90438  90439  90440  90441  90442  90443  90444  90445
  90446  90447  90448  90449  90450  90451  90452  90453  90454  90455
  90456  90457  90458  90459  90460  90461  90462  90463  90464  90465
  90466  90467  90468  90469  90470  90471  90472  90473  90474  90475
  90476  90477  90478  90479  90480  90481  90482  90483  90484  90485
  90486  90487  90488  90489  90490  90491  90492  90493  90494  90495
  90496  90497  90498  90499  90500  90501  90502  90503  90504  90505
  90506  90507  90508  90509  90510  90511  90512  90513  90514  90515
  90516  90517  90518  90519  90520  90521  90522  90523  90524  90525
  90526  90527  90528  90529  90530  90531  90532  90533  90534  90535
  90536  90537  90538  90539  90540  90541  90542  90543  90544  90545
  90546  90547  90548  90549  90550  90551  90552  90553  90554  90555
  90556  90557  90558  90559  90560  90561  90562  90563  90564  90565
  90566  90567  90568  90569  90570  90571  90572  90573  90574  90575
  90576  90577  90578  90579  90580  90581  90582  90583  90584  90585
  90586  90587  90588  90589  90590  90591  90592  90593  90594  90595
  90596  90597  90598  90599  90600  90601  90602  90603  90604  90605
  90606  90607  90608  90609  90610  90611  90612  90613  90614  90615
  90616  90617  90618  90619  90620  90621  90622  90623  90624  90625
  90626  90627  90628  90629  90630  90631  90632  90633  90634  90635
  90636  90637  90638  90639  90640  90641  90642  90643  90644  90645
  90646  90647  90648  90649  90650  90651  90652  90653  90654  90655
  90656  90657  90658  90659  90660  90661  90662  90663  90664  90665
  90666  90667  90668  90669  90670  90671  90672  90673  90674  90675
  90676  90677  90678  90679  90680  90681  90682  90683  90684  90685
  90686  90687  90688  90689  90690  90691  90692  90693  90694  90695
  90696  90697  90698  90699  90700  90701  90702  90703  90704  90705
  90706  90707  90708  90709  90710  90711  90712  90713  90714  90715
  90716  90717  90718  90719  90720  90721  90722  90723  90724  90725
  90726  90727  90728  90729  90730  90731  90732  90733  90734  90735
  90736  90737  90738  90739  90740  90741  90742  90743  90744  90745
  90746  90747  90748  90749  90750  90751  90752  90753  90754  90755
  90756  90757  90758  90759  90760  90761  90762  90763  90764  90765
  90766  90767  90768  90769  90770  90771  90772  90773  90774  90775
  90776  90777  90778  90779  90780  90781  90782  90783  90784  90785
  90786  90787  90788  90789  90790  90791  90792  90793  90794  90795
  90796  90797  90798  90799  90800  90801  90802  90803  90804  90805
  90806  90807  90808  90809  90810  90811  90812  90813  90814  90815
  90816  90817  90818  90819  90820  90821  90822  90823  90824  90825
  90826  90827  90828  90829  90830  90831  90832  90833  90834  90835
  90836  90837  90838  90839  90840  90841  90842  90843  90844  90845
  90846  90847  90848  90849  90850  90851  90852  90853  90854  90855
  90856  90857  90858  90859  90860  90861  90862  90863  90864  90865
  90866  90867  90868  90869  90870  90871  90872  90873  90874  90875
  90876  90877  90878  90879  90880  90881  90882  90883  90884  90885
  90886  90887  90888  90889  90890  90891  90892  90893  90894  90895
  90896  90897  90898  90899  90900  90901  90902  90903  90904  90905
  90906  90907  90908  90909  90910  90911  90912  90913  90914  90915
  90916  90917  90918  90919  90920  90921  90922  90923  90924  90925
  90926  90927  90928  90929  90930  90931  90932  90933  90934  90935
  90936  90937  90938  90939  90940  90941  90942  90943  90944  90945
  90946  90947  90948  90949  90950  90951  90952  90953  90954  90955
  90956  90957  90958  90959  90960  90961  90962  90963  90964  90965
  90966  90967  90968  90969  90970  90971  90972  90973  90974  90975
  90976  90977  90978  90979  90980  90981  90982  90983  90984  90985
  90986  90987  90988  90989  90990  90991  90992  90993  90994  90995
  90996  90997  90998  90999  91000  91001  91002  91003  91004  91005
  91006  91007  91008  91009  91010  91011  91012  91013  91014  91015
  91016  91017  91018  91019  91020  91021  91022  91023  91024  91025
  91026  91027  91028  91029  91030  91031  91032  91033  91034  91035
  91036  91037  91038  91039  91040  91041  91042  91043  91044  91045
  91046  91047  91048  91049  91050  91051  91052  91053  91054  91055
  91056  91057  91058  91059  91060  91061  91062  91063  91064  91065
  91066  91067  91068  91069  91070  91071  91072  91073  91074  91075
  91076  91077  91078  91079  91080  91081  91082  91083  91084  91085
  91086  91087  91088  91089  91090  91091  91092  91093  91094  91095
  91096  91097  91098  91099  91100  91101  91102  91103  91104  91105
  91106  91107  91108  91109  91110  91111  91112  91113  91114  91115
  91116  91117  91118  91119  91120  91121  91122  91123  91124  91125
  91126  91127  91128  91129  91130  91131  91132  91133  91134  91135
  91136  91137  91138  91139  91140  91141  91142  91143  91144  91145
  91146  91147  91148  91149  91150  91151  91152  91153  91154  91155
  91156  91157  91158  91159  91160  91161  91162  91163  91164  91165
  91166  91167  91168  91169  91170  91171  91172  91173  91174  91175
  91176  91177  91178  91179  91180  91181  91182  91183  91184  91185
  91186  91187  91188  91189  91190  91191  91192  91193  91194  91195
  91196  91197  91198  91199  91200  91201  91202  91203  91204  91205
  91206  91207  91208  91209  91210  91211  91212  91213  91214  91215
  91216  91217  91218  91219  91220  91221  91222  91223  91224  91225
  91226  91227  91228  91229  91230  91231  91232  91233  91234  91235
  91236  91237  91238  91239  91240  91241  91242  91243  91244  91245
  91246  91247  91248  91249  91250  91251  91252  91253  91254  91255
  91256  91257  91258  91259  91260  91261  91262  91263  91264  91265
  91266  91267  91268  91269  91270  91271  91272  91273  91274  91275
  91276  91277  91278  91279  91280  91281  91282  91283  91284  91285
  91286  91287  91288  91289  91290  91291  91292  91293  91294  91295
  91296  91297  91298  91299  91300  91301  91302  91303  91304  91305
  91306  91307  91308  91309  91310  91311  91312  91313  91314  91315
  91316  91317  91318  91319  91320  91321  91322  91323  91324  91325
  91326  91327  91328  91329  91330  91331  91332  91333  91334  91335
  91336  91337  91338  91339  91340  91341  91342  91343  91344  91345
  91346  91347  91348  91349  91350  91351  91352  91353  91354  91355
  91356  91357  91358  91359  91360  91361  91362  91363  91364  91365
  91366  91367  91368  91369  91370  91371  91372  91373  91374  91375
  91376  91377  91378  91379  91380  91381  91382  91383  91384  91385
  91386  91387  91388  91389  91390  91391  91392  91393  91394  91395
  91396  91397  91398  91399  91400  91401  91402  91403  91404  91405
  91406  91407  91408  91409  91410  91411  91412  91413  91414  91415
  91416  91417  91418  91419  91420  91421  91422  91423  91424  91425
  91426  91427  91428  91429  91430  91431  91432  91433  91434  91435
  91436  91437  91438  91439  91440  91441  91442  91443  91444  91445
  91446  91447  91448  91449  91450  91451  91452  91453  91454  91455
  91456  91457  91458  91459  91460  91461  91462  91463  91464  91465
  91466  91467  91468  91469  91470  91471  91472  91473  91474  91475
  91476  91477  91478  91479  91480  91481  91482  91483  91484  91485
  91486  91487  91488  91489  91490  91491  91492  91493  91494  91495
  91496  91497  91498  91499  91500  91501  91502  91503  91504  91505
  91506  91507  91508  91509  91510  91511  91512  91513  91514  91515
  91516  91517  91518  91519  91520  91521  91522  91523  91524  91525
  91526  91527  91528  91529  91530  91531  91532  91533  91534  91535
  91536  91537  91538  91539  91540  91541  91542  91543  91544  91545
  91546  91547  91548  91549  91550  91551  91552  91553  91554  91555
  91556  91557  91558  91559  91560  91561  91562  91563  91564  91565
  91566  91567  91568  91569  91570  91571  91572  91573  91574  91575
  91576  91577  91578  91579  91580  91581  91582  91583  91584  91585
  91586  91587  91588  91589  91590  91591  91592  91593  91594  91595
  91596  91597  91598  91599  91600  91601  91602  91603  91604  91605
  91606  91607  91608  91609  91610  91611  91612  91613  91614  91615
  91616  91617  91618  91619  91620  91621  91622  91623  91624  91625
  91626  91627  91628  91629  91630  91631  91632  91633  91634  91635
  91636  91637  91638  91639  91640  91641  91642  91643  91644  91645
  91646  91647  91648  91649  91650  91651  91652  91653  91654  91655
  91656  91657  91658  91659  91660  91661  91662  91663  91664  91665
  91666  91667  91668  91669  91670  91671  91672  91673  91674  91675
  91676  91677  91678  91679  91680  91681  91682  91683  91684  91685
  91686  91687  91688  91689  91690  91691  91692  91693  91694  91695
  91696  91697  91698  91699  91700  91701  91702  91703  91704  91705
  91706  91707  91708  91709  91710  91711  91712  91713  91714  91715
  91716  91717  91718  91719  91720  91721  91722  91723  91724  91725
  91726  91727  91728  91729  91730  91731  91732  91733  91734  91735
  91736  91737  91738  91739  91740  91741  91742  91743  91744  91745
  91746  91747  91748  91749  91750  91751  91752  91753  91754  91755
  91756  91757  91758  91759  91760  91761  91762  91763  91764  91765
  91766  91767  91768  91769  91770  91771  91772  91773  91774  91775
  91776  91777  91778  91779  91780  91781  91782  91783  91784  91785
  91786  91787  91788  91789  91790  91791  91792  91793  91794  91795
  91796  91797  91798  91799  91800  91801  91802  91803  91804  91805
  91806  91807  91808  91809  91810  91811  91812  91813  91814  91815
  91816  91817  91818  91819  91820  91821  91822  91823  91824  91825
  91826  91827  91828  91829  91830  91831  91832  91833  91834  91835
  91836  91837  91838  91839  91840  91841  91842  91843  91844  91845
  91846  91847  91848  91849  91850  91851  91852  91853  91854  91855
  91856  91857  91858  91859  91860  91861  91862  91863  91864  91865
  91866  91867  91868  91869  91870  91871  91872  91873  91874  91875
  91876  91877  91878  91879  91880  91881  91882  91883  91884  91885
  91886  91887  91888  91889  91890  91891  91892  91893  91894  91895
  91896  91897  91898  91899  91900  91901  91902  91903  91904  91905
  91906  91907  91908  91909  91910  91911  91912  91913  91914  91915
  91916  91917  91918  91919  91920  91921  91922  91923  91924  91925
  91926  91927  91928  91929  91930  91931  91932  91933  91934  91935
  91936  91937  91938  91939  91940  91941  91942  91943  91944  91945
  91946  91947  91948  91949  91950  91951  91952  91953  91954  91955
  91956  91957  91958  91959  91960  91961  91962  91963  91964  91965
  91966  91967  91968  91969  91970  91971  91972  91973  91974  91975
  91976  91977  91978  91979  91980  91981  91982  91983  91984  91985
  91986  91987  91988  91989  91990  91991  91992  91993  91994  91995
  91996  91997  91998  91999  92000  92001  92002  92003  92004  92005
  92006  92007  92008  92009  92010  92011  92012  92013  92014  92015
  92016  92017  92018  92019  92020  92021  92022  92023  92024  92025
  92026  92027  92028  92029  92030  92031  92032  92033  92034  92035
  92036  92037  92038  92039  92040  92041  92042  92043  92044  92045
  92046  92047  92048  92049  92050  92051  92052  92053  92054  92055
  92056  92057  92058  92059  92060  92061  92062  92063  92064  92065
  92066  92067  92068  92069  92070  92071  92072  92073  92074  92075
  92076  92077  92078  92079  92080  92081  92082  92083  92084  92085
  92086  92087  92088  92089  92090  92091  92092  92093  92094  92095
  92096  92097  92098  92099  92100  92101  92102  92103  92104  92105
  92106  92107  92108  92109  92110  92111  92112  92113  92114  92115
  92116  92117  92118  92119  92120  92121  92122  92123  92124  92125
  92126  92127  92128  92129  92130  92131  92132  92133  92134  92135
  92136  92137  92138  92139  92140  92141  92142  92143  92144  92145
  92146  92147  92148  92149  92150  92151  92152  92153  92154  92155
  92156  92157  92158  92159  92160  92161  92162  92163  92164  92165
  92166  92167  92168  92169  92170  92171  92172  92173  92174  92175
  92176  92177  92178  92179  92180  92181  92182  92183  92184  92185
  92186  92187  92188  92189  92190  92191  92192  92193  92194  92195
  92196  92197  92198  92199  92200  92201  92202  92203  92204  92205
  92206  92207  92208  92209  92210  92211  92212  92213  92214  92215
  92216  92217  92218  92219  92220  92221  92222  92223  92224  92225
  92226  92227  92228  92229  92230  92231  92232  92233  92234  92235
  92236  92237  92238  92239  92240  92241  92242  92243  92244  92245
  92246  92247  92248  92249  92250  92251  92252  92253  92254  92255
  92256  92257  92258  92259  92260  92261  92262  92263  92264  92265
  92266  92267  92268  92269  92270  92271  92272  92273  92274  92275
  92276  92277  92278  92279  92280  92281  92282  92283  92284  92285
  92286  92287  92288  92289  92290  92291  92292  92293  92294  92295
  92296  92297  92298  92299  92300  92301  92302  92303  92304  92305
  92306  92307  92308  92309  92310  92311  92312  92313  92314  92315
  92316  92317  92318  92319  92320  92321  92322  92323  92324  92325
  92326  92327  92328  92329  92330  92331  92332  92333  92334  92335
  92336  92337  92338  92339  92340  92341  92342  92343  92344  92345
  92346  92347  92348  92349  92350  92351  92352  92353  92354  92355
  92356  92357  92358  92359  92360  92361  92362  92363  92364  92365
  92366  92367  92368  92369  92370  92371  92372  92373  92374  92375
  92376  92377  92378  92379  92380  92381  92382  92383  92384  92385
  92386  92387  92388  92389  92390  92391  92392  92393  92394  92395
  92396  92397  92398  92399  92400  92401  92402  92403  92404  92405
  92406  92407  92408  92409  92410  92411  92412  92413  92414  92415
  92416  92417  92418  92419  92420  92421  92422  92423  92424  92425
  92426  92427  92428  92429  92430  92431  92432  92433  92434  92435
  92436  92437  92438  92439  92440  92441  92442  92443  92444  92445
  92446  92447  92448  92449  92450  92451  92452  92453  92454  92455
  92456  92457  92458  92459  92460  92461  92462  92463  92464  92465
  92466  92467  92468  92469  92470  92471  92472  92473  92474  92475
  92476  92477  92478  92479  92480  92481  92482  92483  92484  92485
  92486  92487  92488  92489  92490  92491  92492  92493  92494  92495
  92496  92497  92498  92499  92500  92501  92502  92503  92504  92505
  92506  92507  92508  92509  92510  92511  92512  92513  92514  92515
  92516  92517  92518  92519  92520  92521  92522  92523  92524  92525
  92526  92527  92528  92529  92530  92531  92532  92533  92534  92535
  92536  92537  92538  92539  92540  92541  92542  92543  92544  92545
  92546  92547  92548  92549  92550  92551  92552  92553  92554  92555
  92556  92557  92558  92559  92560  92561  92562  92563  92564  92565
  92566  92567  92568  92569  92570  92571  92572  92573  92574  92575
  92576  92577  92578  92579  92580  92581  92582  92583  92584  92585
  92586  92587  92588  92589  92590  92591  92592  92593  92594  92595
  92596  92597  92598  92599  92600  92601  92602  92603  92604  92605
  92606  92607  92608  92609  92610  92611  92612  92613  92614  92615
  92616  92617  92618  92619  92620  92621  92622  92623  92624  92625
  92626  92627  92628  92629  92630  92631  92632  92633  92634  92635
  92636  92637  92638  92639  92640  92641  92642  92643  92644  92645
  92646  92647  92648  92649  92650  92651  92652  92653  92654  92655
  92656  92657  92658  92659  92660  92661  92662  92663  92664  92665
  92666  92667  92668  92669  92670  92671  92672  92673  92674  92675
  92676  92677  92678  92679  92680  92681  92682  92683  92684  92685
  92686  92687  92688  92689  92690  92691  92692  92693  92694  92695
  92696  92697  92698  92699  92700  92701  92702  92703  92704  92705
  92706  92707  92708  92709  92710  92711  92712  92713  92714  92715
  92716  92717  92718  92719  92720  92721  92722  92723  92724  92725
  92726  92727  92728  92729  92730  92731  92732  92733  92734  92735
  92736  92737  92738  92739  92740  92741  92742  92743  92744  92745
  92746  92747  92748  92749  92750  92751  92752  92753  92754  92755
  92756  92757  92758  92759  92760  92761  92762  92763  92764  92765
  92766  92767  92768  92769  92770  92771  92772  92773  92774  92775
  92776  92777  92778  92779  92780  92781  92782  92783  92784  92785
  92786  92787  92788  92789  92790  92791  92792  92793  92794  92795
  92796  92797  92798  92799  92800  92801  92802  92803  92804  92805
  92806  92807  92808  92809  92810  92811  92812  92813  92814  92815
  92816  92817  92818  92819  92820  92821  92822  92823  92824  92825
  92826  92827  92828  92829  92830  92831  92832  92833  92834  92835
  92836  92837  92838  92839  92840  92841  92842  92843  92844  92845
  92846  92847  92848  92849  92850  92851  92852  92853  92854  92855
  92856  92857  92858  92859  92860  92861  92862  92863  92864  92865
  92866  92867  92868  92869  92870  92871  92872  92873  92874  92875
  92876  92877  92878  92879  92880  92881  92882  92883  92884  92885
  92886  92887  92888  92889  92890  92891  92892  92893  92894  92895
  92896  92897  92898  92899  92900  92901  92902  92903  92904  92905
  92906  92907  92908  92909  92910  92911  92912  92913  92914  92915
  92916  92917  92918  92919  92920  92921  92922  92923  92924  92925
  92926  92927  92928  92929  92930  92931  92932  92933  92934  92935
  92936  92937  92938  92939  92940  92941  92942  92943  92944  92945
  92946  92947  92948  92949  92950  92951  92952  92953  92954  92955
  92956  92957  92958  92959  92960  92961  92962  92963  92964  92965
  92966  92967  92968  92969  92970  92971  92972  92973  92974  92975
  92976  92977  92978  92979  92980  92981  92982  92983  92984  92985
  92986  92987  92988  92989  92990  92991  92992  92993  92994  92995
  92996  92997  92998  92999  93000  93001  93002  93003  93004  93005
  93006  93007  93008  93009  93010  93011  93012  93013  93014  93015
  93016  93017  93018  93019  93020  93021  93022  93023  93024  93025
  93026  93027  93028  93029  93030  93031  93032  93033  93034  93035
  93036  93037  93038  93039  93040  93041  93042  93043  93044  93045
  93046  93047  93048  93049  93050  93051  93052  93053  93054  93055
  93056  93057  93058  93059  93060  93061  93062  93063  93064  93065
  93066  93067  93068  93069  93070  93071  93072  93073  93074  93075
  93076  93077  93078  93079  93080  93081  93082  93083  93084  93085
  93086  93087  93088  93089  93090  93091  93092  93093  93094  93095
  93096  93097  93098  93099  93100  93101  93102  93103  93104  93105
  93106  93107  93108  93109  93110  93111  93112  93113  93114  93115
  93116  93117  93118  93119  93120  93121  93122  93123  93124  93125
  93126  93127  93128  93129  93130  93131  93132  93133  93134  93135
  93136  93137  93138  93139  93140  93141  93142  93143  93144  93145
  93146  93147  93148  93149  93150  93151  93152  93153  93154  93155
  93156  93157  93158  93159  93160  93161  93162  93163  93164  93165
  93166  93167  93168  93169  93170  93171  93172  93173  93174  93175
  93176  93177  93178  93179  93180  93181  93182  93183  93184  93185
  93186  93187  93188  93189  93190  93191  93192  93193  93194  93195
  93196  93197  93198  93199  93200  93201  93202  93203  93204  93205
  93206  93207  93208  93209  93210  93211  93212  93213  93214  93215
  93216  93217  93218  93219  93220  93221  93222  93223  93224  93225
  93226  93227  93228  93229  93230  93231  93232  93233  93234  93235
  93236  93237  93238  93239  93240  93241  93242  93243  93244  93245
  93246  93247  93248  93249  93250  93251  93252  93253  93254  93255
  93256  93257  93258  93259  93260  93261  93262  93263  93264  93265
  93266  93267  93268  93269  93270  93271  93272  93273  93274  93275
  93276  93277  93278  93279  93280  93281  93282  93283  93284  93285
  93286  93287  93288  93289  93290  93291  93292  93293  93294  93295
  93296  93297  93298  93299  93300  93301  93302  93303  93304  93305
  93306  93307  93308  93309  93310  93311  93312  93313  93314  93315
  93316  93317  93318  93319  93320  93321  93322  93323  93324  93325
  93326  93327  93328  93329  93330  93331  93332  93333  93334  93335
  93336  93337  93338  93339  93340  93341  93342  93343  93344  93345
  93346  93347  93348  93349  93350  93351  93352  93353  93354  93355
  93356  93357  93358  93359  93360  93361  93362  93363  93364  93365
  93366  93367  93368  93369  93370  93371  93372  93373  93374  93375
  93376  93377  93378  93379  93380  93381  93382  93383  93384  93385
  93386  93387  93388  93389  93390  93391  93392  93393  93394  93395
  93396  93397  93398  93399  93400  93401  93402  93403  93404  93405
  93406  93407  93408  93409  93410  93411  93412  93413  93414  93415
  93416  93417  93418  93419  93420  93421  93422  93423  93424  93425
  93426  93427  93428  93429  93430  93431  93432  93433  93434  93435
  93436  93437  93438  93439  93440  93441  93442  93443  93444  93445
  93446  93447  93448  93449  93450  93451  93452  93453  93454  93455
  93456  93457  93458  93459  93460  93461  93462  93463  93464  93465
  93466  93467  93468  93469  93470  93471  93472  93473  93474  93475
  93476  93477  93478  93479  93480  93481  93482  93483  93484  93485
  93486  93487  93488  93489  93490  93491  93492  93493  93494  93495
  93496  93497  93498  93499  93500  93501  93502  93503  93504  93505
  93506  93507  93508  93509  93510  93511  93512  93513  93514  93515
  93516  93517  93518  93519  93520  93521  93522  93523  93524  93525
  93526  93527  93528  93529  93530  93531  93532  93533  93534  93535
  93536  93537  93538  93539  93540  93541  93542  93543  93544  93545
  93546  93547  93548  93549  93550  93551  93552  93553  93554  93555
  93556  93557  93558  93559  93560  93561  93562  93563  93564  93565
  93566  93567  93568  93569  93570  93571  93572  93573  93574  93575
  93576  93577  93578  93579  93580  93581  93582  93583  93584  93585
  93586  93587  93588  93589  93590  93591  93592  93593  93594  93595
  93596  93597  93598  93599  93600  93601  93602  93603  93604  93605
  93606  93607  93608  93609  93610  93611  93612  93613  93614  93615
  93616  93617  93618  93619  93620  93621  93622  93623  93624  93625
  93626  93627  93628  93629  93630  93631  93632  93633  93634  93635
  93636  93637  93638  93639  93640  93641  93642  93643  93644  93645
  93646  93647  93648  93649  93650  93651  93652  93653  93654  93655
  93656  93657  93658  93659  93660  93661  93662  93663  93664  93665
  93666  93667  93668  93669  93670  93671  93672  93673  93674  93675
  93676  93677  93678  93679  93680  93681  93682  93683  93684  93685
  93686  93687  93688  93689  93690  93691  93692  93693  93694  93695
  93696  93697  93698  93699  93700  93701  93702  93703  93704  93705
  93706  93707  93708  93709  93710  93711  93712  93713  93714  93715
  93716  93717  93718  93719  93720  93721  93722  93723  93724  93725
  93726  93727  93728  93729  93730  93731  93732  93733  93734  93735
  93736  93737  93738  93739  93740  93741  93742  93743  93744  93745
  93746  93747  93748  93749  93750  93751  93752  93753  93754  93755
  93756  93757  93758  93759  93760  93761  93762  93763  93764  93765
  93766  93767  93768  93769  93770  93771  93772  93773  93774  93775
  93776  93777  93778  93779  93780  93781  93782  93783  93784  93785
  93786  93787  93788  93789  93790  93791  93792  93793  93794  93795
  93796  93797  93798  93799  93800  93801  93802  93803  93804  93805
  93806  93807  93808  93809  93810  93811  93812  93813  93814  93815
  93816  93817  93818  93819  93820  93821  93822  93823  93824  93825
  93826  93827  93828  93829  93830  93831  93832  93833  93834  93835
  93836  93837  93838  93839  93840  93841  93842  93843  93844  93845
  93846  93847  93848  93849  93850  93851  93852  93853  93854  93855
  93856  93857  93858  93859  93860  93861  93862  93863  93864  93865
  93866  93867  93868  93869  93870  93871  93872  93873  93874  93875
  93876  93877  93878  93879  93880  93881  93882  93883  93884  93885
  93886  93887  93888  93889  93890  93891  93892  93893  93894  93895
  93896  93897  93898  93899  93900  93901  93902  93903  93904  93905
  93906  93907  93908  93909  93910  93911  93912  93913  93914  93915
  93916  93917  93918  93919  93920  93921  93922  93923  93924  93925
  93926  93927  93928  93929  93930  93931  93932  93933  93934  93935
  93936  93937  93938  93939  93940  93941  93942  93943  93944  93945
  93946  93947  93948  93949  93950  93951  93952  93953  93954  93955
  93956  93957  93958  93959  93960  93961  93962  93963  93964  93965
  93966  93967  93968  93969  93970  93971  93972  93973  93974  93975
  93976  93977  93978  93979  93980  93981  93982  93983  93984  93985
  93986  93987  93988  93989  93990  93991  93992  93993  93994  93995
  93996  93997  93998  93999  94000  94001  94002  94003  94004  94005
  94006  94007  94008  94009  94010  94011  94012  94013  94014  94015
  94016  94017  94018  94019  94020  94021  94022  94023  94024  94025
  94026  94027  94028  94029  94030  94031  94032  94033  94034  94035
  94036  94037  94038  94039  94040  94041  94042  94043  94044  94045
  94046  94047  94048  94049  94050  94051  94052  94053  94054  94055
  94056  94057  94058  94059  94060  94061  94062  94063  94064  94065
  94066  94067  94068  94069  94070  94071  94072  94073  94074  94075
  94076  94077  94078  94079  94080  94081  94082  94083  94084  94085
  94086  94087  94088  94089  94090  94091  94092  94093  94094  94095
  94096  94097  94098  94099  94100  94101  94102  94103  94104  94105
  94106  94107  94108  94109  94110  94111  94112  94113  94114  94115
  94116  94117  94118  94119  94120  94121  94122  94123  94124  94125
  94126  94127  94128  94129  94130  94131  94132  94133  94134  94135
  94136  94137  94138  94139  94140  94141  94142  94143  94144  94145
  94146  94147  94148  94149  94150  94151  94152  94153  94154  94155
  94156  94157  94158  94159  94160  94161  94162  94163  94164  94165
  94166  94167  94168  94169  94170  94171  94172  94173  94174  94175
  94176  94177  94178  94179  94180  94181  94182  94183  94184  94185
  94186  94187  94188  94189  94190  94191  94192  94193  94194  94195
  94196  94197  94198  94199  94200  94201  94202  94203  94204  94205
  94206  94207  94208  94209  94210  94211  94212  94213  94214  94215
  94216  94217  94218  94219  94220  94221  94222  94223  94224  94225
  94226  94227  94228  94229  94230  94231  94232  94233  94234  94235
  94236  94237  94238  94239  94240  94241  94242  94243  94244  94245
  94246  94247  94248  94249  94250  94251  94252  94253  94254  94255
  94256  94257  94258  94259  94260  94261  94262  94263  94264  94265
  94266  94267  94268  94269  94270  94271  94272  94273  94274  94275
  94276  94277  94278  94279  94280  94281  94282  94283  94284  94285
  94286  94287  94288  94289  94290  94291  94292  94293  94294  94295
  94296  94297  94298  94299  94300  94301  94302  94303  94304  94305
  94306  94307  94308  94309  94310  94311  94312  94313  94314  94315
  94316  94317  94318  94319  94320  94321  94322  94323  94324  94325
  94326  94327  94328  94329  94330  94331  94332  94333  94334  94335
  94336  94337  94338  94339  94340  94341  94342  94343  94344  94345
  94346  94347  94348  94349  94350  94351  94352  94353  94354  94355
  94356  94357  94358  94359  94360  94361  94362  94363  94364  94365
  94366  94367  94368  94369  94370  94371  94372  94373  94374  94375
  94376  94377  94378  94379  94380  94381  94382  94383  94384  94385
  94386  94387  94388  94389  94390  94391  94392  94393  94394  94395
  94396  94397  94398  94399  94400  94401  94402  94403  94404  94405
  94406  94407  94408  94409  94410  94411  94412  94413  94414  94415
  94416  94417  94418  94419  94420  94421  94422  94423  94424  94425
  94426  94427  94428  94429  94430  94431  94432  94433  94434  94435
  94436  94437  94438  94439  94440  94441  94442  94443  94444  94445
  94446  94447  94448  94449  94450  94451  94452  94453  94454  94455
  94456  94457  94458  94459  94460  94461  94462  94463  94464  94465
  94466  94467  94468  94469  94470  94471  94472  94473  94474  94475
  94476  94477  94478  94479  94480  94481  94482  94483  94484  94485
  94486  94487  94488  94489  94490  94491  94492  94493  94494  94495
  94496  94497  94498  94499  94500  94501  94502  94503  94504  94505
  94506  94507  94508  94509  94510  94511  94512  94513  94514  94515
  94516  94517  94518  94519  94520  94521  94522  94523  94524  94525
  94526  94527  94528  94529  94530  94531  94532  94533  94534  94535
  94536  94537  94538  94539  94540  94541  94542  94543  94544  94545
  94546  94547  94548  94549  94550  94551  94552  94553  94554  94555
  94556  94557  94558  94559  94560  94561  94562  94563  94564  94565
  94566  94567  94568  94569  94570  94571  94572  94573  94574  94575
  94576  94577  94578  94579  94580  94581  94582  94583  94584  94585
  94586  94587  94588  94589  94590  94591  94592  94593  94594  94595
  94596  94597  94598  94599  94600  94601  94602  94603  94604  94605
  94606  94607  94608  94609  94610  94611  94612  94613  94614  94615
  94616  94617  94618  94619  94620  94621  94622  94623  94624  94625
  94626  94627  94628  94629  94630  94631  94632  94633  94634  94635
  94636  94637  94638  94639  94640  94641  94642  94643  94644  94645
  94646  94647  94648  94649  94650  94651  94652  94653  94654  94655
  94656  94657  94658  94659  94660  94661  94662  94663  94664  94665
  94666  94667  94668  94669  94670  94671  94672  94673  94674  94675
  94676  94677  94678  94679  94680  94681  94682  94683  94684  94685
  94686  94687  94688  94689  94690  94691  94692  94693  94694  94695
  94696  94697  94698  94699  94700  94701  94702  94703  94704  94705
  94706  94707  94708  94709  94710  94711  94712  94713  94714  94715
  94716  94717  94718  94719  94720  94721  94722  94723  94724  94725
  94726  94727  94728  94729  94730  94731  94732  94733  94734  94735
  94736  94737  94738  94739  94740  94741  94742  94743  94744  94745
  94746  94747  94748  94749  94750  94751  94752  94753  94754  94755
  94756  94757  94758  94759  94760  94761  94762  94763  94764  94765
  94766  94767  94768  94769  94770  94771  94772  94773  94774  94775
  94776  94777  94778  94779  94780  94781  94782  94783  94784  94785
  94786  94787  94788  94789  94790  94791  94792  94793  94794  94795
  94796  94797  94798  94799  94800  94801  94802  94803  94804  94805
  94806  94807  94808  94809  94810  94811  94812  94813  94814  94815
  94816  94817  94818  94819  94820  94821  94822  94823  94824  94825
  94826  94827  94828  94829  94830  94831  94832  94833  94834  94835
  94836  94837  94838  94839  94840  94841  94842  94843  94844  94845
  94846  94847  94848  94849  94850  94851  94852  94853  94854  94855
  94856  94857  94858  94859  94860  94861  94862  94863  94864  94865
  94866  94867  94868  94869  94870  94871  94872  94873  94874  94875
  94876  94877  94878  94879  94880  94881  94882  94883  94884  94885
  94886  94887  94888  94889  94890  94891  94892  94893  94894  94895
  94896  94897  94898  94899  94900  94901  94902  94903  94904  94905
  94906  94907  94908  94909  94910  94911  94912  94913  94914  94915
  94916  94917  94918  94919  94920  94921  94922  94923  94924  94925
  94926  94927  94928  94929  94930  94931  94932  94933  94934  94935
  94936  94937  94938  94939  94940  94941  94942  94943  94944  94945
  94946  94947  94948  94949  94950  94951  94952  94953  94954  94955
  94956  94957  94958  94959  94960  94961  94962  94963  94964  94965
  94966  94967  94968  94969  94970  94971  94972  94973  94974  94975
  94976  94977  94978  94979  94980  94981  94982  94983  94984  94985
  94986  94987  94988  94989  94990  94991  94992  94993  94994  94995
  94996  94997  94998  94999  95000  95001  95002  95003  95004  95005
  95006  95007  95008  95009  95010  95011  95012  95013  95014  95015
  95016  95017  95018  95019  95020  95021  95022  95023  95024  95025
  95026  95027  95028  95029  95030  95031  95032  95033  95034  95035
  95036  95037  95038  95039  95040  95041  95042  95043  95044  95045
  95046  95047  95048  95049  95050  95051  95052  95053  95054  95055
  95056  95057  95058  95059  95060  95061  95062  95063  95064  95065
  95066  95067  95068  95069  95070  95071  95072  95073  95074  95075
  95076  95077  95078  95079  95080  95081  95082  95083  95084  95085
  95086  95087  95088  95089  95090  95091  95092  95093  95094  95095
  95096  95097  95098  95099  95100  95101  95102  95103  95104  95105
  95106  95107  95108  95109  95110  95111  95112  95113  95114  95115
  95116  95117  95118  95119  95120  95121  95122  95123  95124  95125
  95126  95127  95128  95129  95130  95131  95132  95133  95134  95135
  95136  95137  95138  95139  95140  95141  95142  95143  95144  95145
  95146  95147  95148  95149  95150  95151  95152  95153  95154  95155
  95156  95157  95158  95159  95160  95161  95162  95163  95164  95165
  95166  95167  95168  95169  95170  95171  95172  95173  95174  95175
  95176  95177  95178  95179  95180  95181  95182  95183  95184  95185
  95186  95187  95188  95189  95190  95191  95192  95193  95194  95195
  95196  95197  95198  95199  95200  95201  95202  95203  95204  95205
  95206  95207  95208  95209  95210  95211  95212  95213  95214  95215
  95216  95217  95218  95219  95220  95221  95222  95223  95224  95225
  95226  95227  95228  95229  95230  95231  95232  95233  95234  95235
  95236  95237  95238  95239  95240  95241  95242  95243  95244  95245
  95246  95247  95248  95249  95250  95251  95252  95253  95254  95255
  95256  95257  95258  95259  95260  95261  95262  95263  95264  95265
  95266  95267  95268  95269  95270  95271  95272  95273  95274  95275
  95276  95277  95278  95279  95280  95281  95282  95283  95284  95285
  95286  95287  95288  95289  95290  95291  95292  95293  95294  95295
  95296  95297  95298  95299  95300  95301  95302  95303  95304  95305
  95306  95307  95308  95309  95310  95311  95312  95313  95314  95315
  95316  95317  95318  95319  95320  95321  95322  95323  95324  95325
  95326  95327  95328  95329  95330  95331  95332  95333  95334  95335
  95336  95337  95338  95339  95340  95341  95342  95343  95344  95345
  95346  95347  95348  95349  95350  95351  95352  95353  95354  95355
  95356  95357  95358  95359  95360  95361  95362  95363  95364  95365
  95366  95367  95368  95369  95370  95371  95372  95373  95374  95375
  95376  95377  95378  95379  95380  95381  95382  95383  95384  95385
  95386  95387  95388  95389  95390  95391  95392  95393  95394  95395
  95396  95397  95398  95399  95400  95401  95402  95403  95404  95405
  95406  95407  95408  95409  95410  95411  95412  95413  95414  95415
  95416  95417  95418  95419  95420  95421  95422  95423  95424  95425
  95426  95427  95428  95429  95430  95431  95432  95433  95434  95435
  95436  95437  95438  95439  95440  95441  95442  95443  95444  95445
  95446  95447  95448  95449  95450  95451  95452  95453  95454  95455
  95456  95457  95458  95459  95460  95461  95462  95463  95464  95465
  95466  95467  95468  95469  95470  95471  95472  95473  95474  95475
  95476  95477  95478  95479  95480  95481  95482  95483  95484  95485
  95486  95487  95488  95489  95490  95491  95492  95493  95494  95495
  95496  95497  95498  95499  95500  95501  95502  95503  95504  95505
  95506  95507  95508  95509  95510  95511  95512  95513  95514  95515
  95516  95517  95518  95519  95520  95521  95522  95523  95524  95525
  95526  95527  95528  95529  95530  95531  95532  95533  95534  95535
  95536  95537  95538  95539  95540  95541  95542  95543  95544  95545
  95546  95547  95548  95549  95550  95551  95552  95553  95554  95555
  95556  95557  95558  95559  95560  95561  95562  95563  95564  95565
  95566  95567  95568  95569  95570  95571  95572  95573  95574  95575
  95576  95577  95578  95579  95580  95581  95582  95583  95584  95585
  95586  95587  95588  95589  95590  95591  95592  95593  95594  95595
  95596  95597  95598  95599  95600  95601  95602  95603  95604  95605
  95606  95607  95608  95609  95610  95611  95612  95613  95614  95615
  95616  95617  95618  95619  95620  95621  95622  95623  95624  95625
  95626  95627  95628  95629  95630  95631  95632  95633  95634  95635
  95636  95637  95638  95639  95640  95641  95642  95643  95644  95645
  95646  95647  95648  95649  95650  95651  95652  95653  95654  95655
  95656  95657  95658  95659  95660  95661  95662  95663  95664  95665
  95666  95667  95668  95669  95670  95671  95672  95673  95674  95675
  95676  95677  95678  95679  95680  95681  95682  95683  95684  95685
  95686  95687  95688  95689  95690  95691  95692  95693  95694  95695
  95696  95697  95698  95699  95700  95701  95702  95703  95704  95705
  95706  95707  95708  95709  95710  95711  95712  95713  95714  95715
  95716  95717  95718  95719  95720  95721  95722  95723  95724  95725
  95726  95727  95728  95729  95730  95731  95732  95733  95734  95735
  95736  95737  95738  95739  95740  95741  95742  95743  95744  95745
  95746  95747  95748  95749  95750  95751  95752  95753  95754  95755
  95756  95757  95758  95759  95760  95761  95762  95763  95764  95765
  95766  95767  95768  95769  95770  95771  95772  95773  95774  95775
  95776  95777  95778  95779  95780  95781  95782  95783  95784  95785
  95786  95787  95788  95789  95790  95791  95792  95793  95794  95795
  95796  95797  95798  95799  95800  95801  95802  95803  95804  95805
  95806  95807  95808  95809  95810  95811  95812  95813  95814  95815
  95816  95817  95818  95819  95820  95821  95822  95823  95824  95825
  95826  95827  95828  95829  95830  95831  95832  95833  95834  95835
  95836  95837  95838  95839  95840  95841  95842  95843  95844  95845
  95846  95847  95848  95849  95850  95851  95852  95853  95854  95855
  95856  95857  95858  95859  95860  95861  95862  95863  95864  95865
  95866  95867  95868  95869  95870  95871  95872  95873  95874  95875
  95876  95877  95878  95879  95880  95881  95882  95883  95884  95885
  95886  95887  95888  95889  95890  95891  95892  95893  95894  95895
  95896  95897  95898  95899  95900  95901  95902  95903  95904  95905
  95906  95907  95908  95909  95910  95911  95912  95913  95914  95915
  95916  95917  95918  95919  95920  95921  95922  95923  95924  95925
  95926  95927  95928  95929  95930  95931  95932  95933  95934  95935
  95936  95937  95938  95939  95940  95941  95942  95943  95944  95945
  95946  95947  95948  95949  95950  95951  95952  95953  95954  95955
  95956  95957  95958  95959  95960  95961  95962  95963  95964  95965
  95966  95967  95968  95969  95970  95971  95972  95973  95974  95975
  95976  95977  95978  95979  95980  95981  95982  95983  95984  95985
  95986  95987  95988  95989  95990  95991  95992  95993  95994  95995
  95996  95997  95998  95999  96000  96001  96002  96003  96004  96005
  96006  96007  96008  96009  96010  96011  96012  96013  96014  96015
  96016  96017  96018  96019  96020  96021  96022  96023  96024  96025
  96026  96027  96028  96029  96030  96031  96032  96033  96034  96035
  96036  96037  96038  96039  96040  96041  96042  96043  96044  96045
  96046  96047  96048  96049  96050  96051  96052  96053  96054  96055
  96056  96057  96058  96059  96060  96061  96062  96063  96064  96065
  96066  96067  96068  96069  96070  96071  96072  96073  96074  96075
  96076  96077  96078  96079  96080  96081  96082  96083  96084  96085
  96086  96087  96088  96089  96090  96091  96092  96093  96094  96095
  96096  96097  96098  96099  96100  96101  96102  96103  96104  96105
  96106  96107  96108  96109  96110  96111  96112  96113  96114  96115
  96116  96117  96118  96119  96120  96121  96122  96123  96124  96125
  96126  96127  96128  96129  96130  96131  96132  96133  96134  96135
  96136  96137  96138  96139  96140  96141  96142  96143  96144  96145
  96146  96147  96148  96149  96150  96151  96152  96153  96154  96155
  96156  96157  96158  96159  96160  96161  96162  96163  96164  96165
  96166  96167  96168  96169  96170  96171  96172  96173  96174  96175
  96176  96177  96178  96179  96180  96181  96182  96183  96184  96185
  96186  96187  96188  96189  96190  96191  96192  96193  96194  96195
  96196  96197  96198  96199  96200  96201  96202  96203  96204  96205
  96206  96207  96208  96209  96210  96211  96212  96213  96214  96215
  96216  96217  96218  96219  96220  96221  96222  96223  96224  96225
  96226  96227  96228  96229  96230  96231  96232  96233  96234  96235
  96236  96237  96238  96239  96240  96241  96242  96243  96244  96245
  96246  96247  96248  96249  96250  96251  96252  96253  96254  96255
  96256  96257  96258  96259  96260  96261  96262  96263  96264  96265
  96266  96267  96268  96269  96270  96271  96272  96273  96274  96275
  96276  96277  96278  96279  96280  96281  96282  96283  96284  96285
  96286  96287  96288  96289  96290  96291  96292  96293  96294  96295
  96296  96297  96298  96299  96300  96301  96302  96303  96304  96305
  96306  96307  96308  96309  96310  96311  96312  96313  96314  96315
  96316  96317  96318  96319  96320  96321  96322  96323  96324  96325
  96326  96327  96328  96329  96330  96331  96332  96333  96334  96335
  96336  96337  96338  96339  96340  96341  96342  96343  96344  96345
  96346  96347  96348  96349  96350  96351  96352  96353  96354  96355
  96356  96357  96358  96359  96360  96361  96362  96363  96364  96365
  96366  96367  96368  96369  96370  96371  96372  96373  96374  96375
  96376  96377  96378  96379  96380  96381  96382  96383  96384  96385
  96386  96387  96388  96389  96390  96391  96392  96393  96394  96395
  96396  96397  96398  96399  96400  96401  96402  96403  96404  96405
  96406  96407  96408  96409  96410  96411  96412  96413  96414  96415
  96416  96417  96418  96419  96420  96421  96422  96423  96424  96425
  96426  96427  96428  96429  96430  96431  96432  96433  96434  96435
  96436  96437  96438  96439  96440  96441  96442  96443  96444  96445
  96446  96447  96448  96449  96450  96451  96452  96453  96454  96455
  96456  96457  96458  96459  96460  96461  96462  96463  96464  96465
  96466  96467  96468  96469  96470  96471  96472  96473  96474  96475
  96476  96477  96478  96479  96480  96481  96482  96483  96484  96485
  96486  96487  96488  96489  96490  96491  96492  96493  96494  96495
  96496  96497  96498  96499  96500  96501  96502  96503  96504  96505
  96506  96507  96508  96509  96510  96511  96512  96513  96514  96515
  96516  96517  96518  96519  96520  96521  96522  96523  96524  96525
  96526  96527  96528  96529  96530  96531  96532  96533  96534  96535
  96536  96537  96538  96539  96540  96541  96542  96543  96544  96545
  96546  96547  96548  96549  96550  96551  96552  96553  96554  96555
  96556  96557  96558  96559  96560  96561  96562  96563  96564  96565
  96566  96567  96568  96569  96570  96571  96572  96573  96574  96575
  96576  96577  96578  96579  96580  96581  96582  96583  96584  96585
  96586  96587  96588  96589  96590  96591  96592  96593  96594  96595
  96596  96597  96598  96599  96600  96601  96602  96603  96604  96605
  96606  96607  96608  96609  96610  96611  96612  96613  96614  96615
  96616  96617  96618  96619  96620  96621  96622  96623  96624  96625
  96626  96627  96628  96629  96630  96631  96632  96633  96634  96635
  96636  96637  96638  96639  96640  96641  96642  96643  96644  96645
  96646  96647  96648  96649  96650  96651  96652  96653  96654  96655
  96656  96657  96658  96659  96660  96661  96662  96663  96664  96665
  96666  96667  96668  96669  96670  96671  96672  96673  96674  96675
  96676  96677  96678  96679  96680  96681  96682  96683  96684  96685
  96686  96687  96688  96689  96690  96691  96692  96693  96694  96695
  96696  96697  96698  96699  96700  96701  96702  96703  96704  96705
  96706  96707  96708  96709  96710  96711  96712  96713  96714  96715
  96716  96717  96718  96719  96720  96721  96722  96723  96724  96725
  96726  96727  96728  96729  96730  96731  96732  96733  96734  96735
  96736  96737  96738  96739  96740  96741  96742  96743  96744  96745
  96746  96747  96748  96749  96750  96751  96752  96753  96754  96755
  96756  96757  96758  96759  96760  96761  96762  96763  96764  96765
  96766  96767  96768  96769  96770  96771  96772  96773  96774  96775
  96776  96777  96778  96779  96780  96781  96782  96783  96784  96785
  96786  96787  96788  96789  96790  96791  96792  96793  96794  96795
  96796  96797  96798  96799  96800  96801  96802  96803  96804  96805
  96806  96807  96808  96809  96810  96811  96812  96813  96814  96815
  96816  96817  96818  96819  96820  96821  96822  96823  96824  96825
  96826  96827  96828  96829  96830  96831  96832  96833  96834  96835
  96836  96837  96838  96839  96840  96841  96842  96843  96844  96845
  96846  96847  96848  96849  96850  96851  96852  96853  96854  96855
  96856  96857  96858  96859  96860  96861  96862  96863  96864  96865
  96866  96867  96868  96869  96870  96871  96872  96873  96874  96875
  96876  96877  96878  96879  96880  96881  96882  96883  96884  96885
  96886  96887  96888  96889  96890  96891  96892  96893  96894  96895
  96896  96897  96898  96899  96900  96901  96902  96903  96904  96905
  96906  96907  96908  96909  96910  96911  96912  96913  96914  96915
  96916  96917  96918  96919  96920  96921  96922  96923  96924  96925
  96926  96927  96928  96929  96930  96931  96932  96933  96934  96935
  96936  96937  96938  96939  96940  96941  96942  96943  96944  96945
  96946  96947  96948  96949  96950  96951  96952  96953  96954  96955
  96956  96957  96958  96959  96960  96961  96962  96963  96964  96965
  96966  96967  96968  96969  96970  96971  96972  96973  96974  96975
  96976  96977  96978  96979  96980  96981  96982  96983  96984  96985
  96986  96987  96988  96989  96990  96991  96992  96993  96994  96995
  96996  96997  96998  96999  97000  97001  97002  97003  97004  97005
  97006  97007  97008  97009  97010  97011  97012  97013  97014  97015
  97016  97017  97018  97019  97020  97021  97022  97023  97024  97025
  97026  97027  97028  97029  97030  97031  97032  97033  97034  97035
  97036  97037  97038  97039  97040  97041  97042  97043  97044  97045
  97046  97047  97048  97049  97050  97051  97052  97053  97054  97055
  97056  97057  97058  97059  97060  97061  97062  97063  97064  97065
  97066  97067  97068  97069  97070  97071  97072  97073  97074  97075
  97076  97077  97078  97079  97080  97081  97082  97083  97084  97085
  97086  97087  97088  97089  97090  97091  97092  97093  97094  97095
  97096  97097  97098  97099  97100  97101  97102  97103  97104  97105
  97106  97107  97108  97109  97110  97111  97112  97113  97114  97115
  97116  97117  97118  97119  97120  97121  97122  97123  97124  97125
  97126  97127  97128  97129  97130  97131  97132  97133  97134  97135
  97136  97137  97138  97139  97140  97141  97142  97143  97144  97145
  97146  97147  97148  97149  97150  97151  97152  97153  97154  97155
  97156  97157  97158  97159  97160  97161  97162  97163  97164  97165
  97166  97167  97168  97169  97170  97171  97172  97173  97174  97175
  97176  97177  97178  97179  97180  97181  97182  97183  97184  97185
  97186  97187  97188  97189  97190  97191  97192  97193  97194  97195
  97196  97197  97198  97199  97200  97201  97202  97203  97204  97205
  97206  97207  97208  97209  97210  97211  97212  97213  97214  97215
  97216  97217  97218  97219  97220  97221  97222  97223  97224  97225
  97226  97227  97228  97229  97230  97231  97232  97233  97234  97235
  97236  97237  97238  97239  97240  97241  97242  97243  97244  97245
  97246  97247  97248  97249  97250  97251  97252  97253  97254  97255
  97256  97257  97258  97259  97260  97261  97262  97263  97264  97265
  97266  97267  97268  97269  97270  97271  97272  97273  97274  97275
  97276  97277  97278  97279  97280  97281  97282  97283  97284  97285
  97286  97287  97288  97289  97290  97291  97292  97293  97294  97295
  97296  97297  97298  97299  97300  97301  97302  97303  97304  97305
  97306  97307  97308  97309  97310  97311  97312  97313  97314  97315
  97316  97317  97318  97319  97320  97321  97322  97323  97324  97325
  97326  97327  97328  97329  97330  97331  97332  97333  97334  97335
  97336  97337  97338  97339  97340  97341  97342  97343  97344  97345
  97346  97347  97348  97349  97350  97351  97352  97353  97354  97355
  97356  97357  97358  97359  97360  97361  97362  97363  97364  97365
  97366  97367  97368  97369  97370  97371  97372  97373  97374  97375
  97376  97377  97378  97379  97380  97381  97382  97383  97384  97385
  97386  97387  97388  97389  97390  97391  97392  97393  97394  97395
  97396  97397  97398  97399  97400  97401  97402  97403  97404  97405
  97406  97407  97408  97409  97410  97411  97412  97413  97414  97415
  97416  97417  97418  97419  97420  97421  97422  97423  97424  97425
  97426  97427  97428  97429  97430  97431  97432  97433  97434  97435
  97436  97437  97438  97439  97440  97441  97442  97443  97444  97445
  97446  97447  97448  97449  97450  97451  97452  97453  97454  97455
  97456  97457  97458  97459  97460  97461  97462  97463  97464  97465
  97466  97467  97468  97469  97470  97471  97472  97473  97474  97475
  97476  97477  97478  97479  97480  97481  97482  97483  97484  97485
  97486  97487  97488  97489  97490  97491  97492  97493  97494  97495
  97496  97497  97498  97499  97500  97501  97502  97503  97504  97505
  97506  97507  97508  97509  97510  97511  97512  97513  97514  97515
  97516  97517  97518  97519  97520  97521  97522  97523  97524  97525
  97526  97527  97528  97529  97530  97531  97532  97533  97534  97535
  97536  97537  97538  97539  97540  97541  97542  97543  97544  97545
  97546  97547  97548  97549  97550  97551  97552  97553  97554  97555
  97556  97557  97558  97559  97560  97561  97562  97563  97564  97565
  97566  97567  97568  97569  97570  97571  97572  97573  97574  97575
  97576  97577  97578  97579  97580  97581  97582  97583  97584  97585
  97586  97587  97588  97589  97590  97591  97592  97593  97594  97595
  97596  97597  97598  97599  97600  97601  97602  97603  97604  97605
  97606  97607  97608  97609  97610  97611  97612  97613  97614  97615
  97616  97617  97618  97619  97620  97621  97622  97623  97624  97625
  97626  97627  97628  97629  97630  97631  97632  97633  97634  97635
  97636  97637  97638  97639  97640  97641  97642  97643  97644  97645
  97646  97647  97648  97649  97650  97651  97652  97653  97654  97655
  97656  97657  97658  97659  97660  97661  97662  97663  97664  97665
  97666  97667  97668  97669  97670  97671  97672  97673  97674  97675
  97676  97677  97678  97679  97680  97681  97682  97683  97684  97685
  97686  97687  97688  97689  97690  97691  97692  97693  97694  97695
  97696  97697  97698  97699  97700  97701  97702  97703  97704  97705
  97706  97707  97708  97709  97710  97711  97712  97713  97714  97715
  97716  97717  97718  97719  97720  97721  97722  97723  97724  97725
  97726  97727  97728  97729  97730  97731  97732  97733  97734  97735
  97736  97737  97738  97739  97740  97741  97742  97743  97744  97745
  97746  97747  97748  97749  97750  97751  97752  97753  97754  97755
  97756  97757  97758  97759  97760  97761  97762  97763  97764  97765
  97766  97767  97768  97769  97770  97771  97772  97773  97774  97775
  97776  97777  97778  97779  97780  97781  97782  97783  97784  97785
  97786  97787  97788  97789  97790  97791  97792  97793  97794  97795
  97796  97797  97798  97799  97800  97801  97802  97803  97804  97805
  97806  97807  97808  97809  97810  97811  97812  97813  97814  97815
  97816  97817  97818  97819  97820  97821  97822  97823  97824  97825
  97826  97827  97828  97829  97830  97831  97832  97833  97834  97835
  97836  97837  97838  97839  97840  97841  97842  97843  97844  97845
  97846  97847  97848  97849  97850  97851  97852  97853  97854  97855
  97856  97857  97858  97859  97860  97861  97862  97863  97864  97865
  97866  97867  97868  97869  97870  97871  97872  97873  97874  97875
  97876  97877  97878  97879  97880  97881  97882  97883  97884  97885
  97886  97887  97888  97889  97890  97891  97892  97893  97894  97895
  97896  97897  97898  97899  97900  97901  97902  97903  97904  97905
  97906  97907  97908  97909  97910  97911  97912  97913  97914  97915
  97916  97917  97918  97919  97920  97921  97922  97923  97924  97925
  97926  97927  97928  97929  97930  97931  97932  97933  97934  97935
  97936  97937  97938  97939  97940  97941  97942  97943  97944  97945
  97946  97947  97948  97949  97950  97951  97952  97953  97954  97955
  97956  97957  97958  97959  97960  97961  97962  97963  97964  97965
  97966  97967  97968  97969  97970  97971  97972  97973  97974  97975
  97976  97977  97978  97979  97980  97981  97982  97983  97984  97985
  97986  97987  97988  97989  97990  97991  97992  97993  97994  97995
  97996  97997  97998  97999  98000  98001  98002  98003  98004  98005
  98006  98007  98008  98009  98010  98011  98012  98013  98014  98015
  98016  98017  98018  98019  98020  98021  98022  98023  98024  98025
  98026  98027  98028  98029  98030  98031  98032  98033  98034  98035
  98036  98037  98038  98039  98040  98041  98042  98043  98044  98045
  98046  98047  98048  98049  98050  98051  98052  98053  98054  98055
  98056  98057  98058  98059  98060  98061  98062  98063  98064  98065
  98066  98067  98068  98069  98070  98071  98072  98073  98074  98075
  98076  98077  98078  98079  98080  98081  98082  98083  98084  98085
  98086  98087  98088  98089  98090  98091  98092  98093  98094  98095
  98096  98097  98098  98099  98100  98101  98102  98103  98104  98105
  98106  98107  98108  98109  98110  98111  98112  98113  98114  98115
  98116  98117  98118  98119  98120  98121  98122  98123  98124  98125
  98126  98127  98128  98129  98130  98131  98132  98133  98134  98135
  98136  98137  98138  98139  98140  98141  98142  98143  98144  98145
  98146  98147  98148  98149  98150  98151  98152  98153  98154  98155
  98156  98157  98158  98159  98160  98161  98162  98163  98164  98165
  98166  98167  98168  98169  98170  98171  98172  98173  98174  98175
  98176  98177  98178  98179  98180  98181  98182  98183  98184  98185
  98186  98187  98188  98189  98190  98191  98192  98193  98194  98195
  98196  98197  98198  98199  98200  98201  98202  98203  98204  98205
  98206  98207  98208  98209  98210  98211  98212  98213  98214  98215
  98216  98217  98218  98219  98220  98221  98222  98223  98224  98225
  98226  98227  98228  98229  98230  98231  98232  98233  98234  98235
  98236  98237  98238  98239  98240  98241  98242  98243  98244  98245
  98246  98247  98248  98249  98250  98251  98252  98253  98254  98255
  98256  98257  98258  98259  98260  98261  98262  98263  98264  98265
  98266  98267  98268  98269  98270  98271  98272  98273  98274  98275
  98276  98277  98278  98279  98280  98281  98282  98283  98284  98285
  98286  98287  98288  98289  98290  98291  98292  98293  98294  98295
  98296  98297  98298  98299  98300  98301  98302  98303  98304  98305
  98306  98307  98308  98309  98310  98311  98312  98313  98314  98315
  98316  98317  98318  98319  98320  98321  98322  98323  98324  98325
  98326  98327  98328  98329  98330  98331  98332  98333  98334  98335
  98336  98337  98338  98339  98340  98341  98342  98343  98344  98345
  98346  98347  98348  98349  98350  98351  98352  98353  98354  98355
  98356  98357  98358  98359  98360  98361  98362  98363  98364  98365
  98366  98367  98368  98369  98370  98371  98372  98373  98374  98375
  98376  98377  98378  98379  98380  98381  98382  98383  98384  98385
  98386  98387  98388  98389  98390  98391  98392  98393  98394  98395
  98396  98397  98398  98399  98400  98401  98402  98403  98404  98405
  98406  98407  98408  98409  98410  98411  98412  98413  98414  98415
  98416  98417  98418  98419  98420  98421  98422  98423  98424  98425
  98426  98427  98428  98429  98430  98431  98432  98433  98434  98435
  98436  98437  98438  98439  98440  98441  98442  98443  98444  98445
  98446  98447  98448  98449  98450  98451  98452  98453  98454  98455
  98456  98457  98458  98459  98460  98461  98462  98463  98464  98465
  98466  98467  98468  98469  98470  98471  98472  98473  98474  98475
  98476  98477  98478  98479  98480  98481  98482  98483  98484  98485
  98486  98487  98488  98489  98490  98491  98492  98493  98494  98495
  98496  98497  98498  98499  98500  98501  98502  98503  98504  98505
  98506  98507  98508  98509  98510  98511  98512  98513  98514  98515
  98516  98517  98518  98519  98520  98521  98522  98523  98524  98525
  98526  98527  98528  98529  98530  98531  98532  98533  98534  98535
  98536  98537  98538  98539  98540  98541  98542  98543  98544  98545
  98546  98547  98548  98549  98550  98551  98552  98553  98554  98555
  98556  98557  98558  98559  98560  98561  98562  98563  98564  98565
  98566  98567  98568  98569  98570  98571  98572  98573  98574  98575
  98576  98577  98578  98579  98580  98581  98582  98583  98584  98585
  98586  98587  98588  98589  98590  98591  98592  98593  98594  98595
  98596  98597  98598  98599  98600  98601  98602  98603  98604  98605
  98606  98607  98608  98609  98610  98611  98612  98613  98614  98615
  98616  98617  98618  98619  98620  98621  98622  98623  98624  98625
  98626  98627  98628  98629  98630  98631  98632  98633  98634  98635
  98636  98637  98638  98639  98640  98641  98642  98643  98644  98645
  98646  98647  98648  98649  98650  98651  98652  98653  98654  98655
  98656  98657  98658  98659  98660  98661  98662  98663  98664  98665
  98666  98667  98668  98669  98670  98671  98672  98673  98674  98675
  98676  98677  98678  98679  98680  98681  98682  98683  98684  98685
  98686  98687  98688  98689  98690  98691  98692  98693  98694  98695
  98696  98697  98698  98699  98700  98701  98702  98703  98704  98705
  98706  98707  98708  98709  98710  98711  98712  98713  98714  98715
  98716  98717  98718  98719  98720  98721  98722  98723  98724  98725
  98726  98727  98728  98729  98730  98731  98732  98733  98734  98735
  98736  98737  98738  98739  98740  98741  98742  98743  98744  98745
  98746  98747  98748  98749  98750  98751  98752  98753  98754  98755
  98756  98757  98758  98759  98760  98761  98762  98763  98764  98765
  98766  98767  98768  98769  98770  98771  98772  98773  98774  98775
  98776  98777  98778  98779  98780  98781  98782  98783  98784  98785
  98786  98787  98788  98789  98790  98791  98792  98793  98794  98795
  98796  98797  98798  98799  98800  98801  98802  98803  98804  98805
  98806  98807  98808  98809  98810  98811  98812  98813  98814  98815
  98816  98817  98818  98819  98820  98821  98822  98823  98824  98825
  98826  98827  98828  98829  98830  98831  98832  98833  98834  98835
  98836  98837  98838  98839  98840  98841  98842  98843  98844  98845
  98846  98847  98848  98849  98850  98851  98852  98853  98854  98855
  98856  98857  98858  98859  98860  98861  98862  98863  98864  98865
  98866  98867  98868  98869  98870  98871  98872  98873  98874  98875
  98876  98877  98878  98879  98880  98881  98882  98883  98884  98885
  98886  98887  98888  98889  98890  98891  98892  98893  98894  98895
  98896  98897  98898  98899  98900  98901  98902  98903  98904  98905
  98906  98907  98908  98909  98910  98911  98912  98913  98914  98915
  98916  98917  98918  98919  98920  98921  98922  98923  98924  98925
  98926  98927  98928  98929  98930  98931  98932  98933  98934  98935
  98936  98937  98938  98939  98940  98941  98942  98943  98944  98945
  98946  98947  98948  98949  98950  98951  98952  98953  98954  98955
  98956  98957  98958  98959  98960  98961  98962  98963  98964  98965
  98966  98967  98968  98969  98970  98971  98972  98973  98974  98975
  98976  98977  98978  98979  98980  98981  98982  98983  98984  98985
  98986  98987  98988  98989  98990  98991  98992  98993  98994  98995
  98996  98997  98998  98999  99000  99001  99002  99003  99004  99005
  99006  99007  99008  99009  99010  99011  99012  99013  99014  99015
  99016  99017  99018  99019  99020  99021  99022  99023  99024  99025
  99026  99027  99028  99029  99030  99031  99032  99033  99034  99035
  99036  99037  99038  99039  99040  99041  99042  99043  99044  99045
  99046  99047  99048  99049  99050  99051  99052  99053  99054  99055
  99056  99057  99058  99059  99060  99061  99062  99063  99064  99065
  99066  99067  99068  99069  99070  99071  99072  99073  99074  99075
  99076  99077  99078  99079  99080  99081  99082  99083  99084  99085
  99086  99087  99088  99089  99090  99091  99092  99093  99094  99095
  99096  99097  99098  99099  99100  99101  99102  99103  99104  99105
  99106  99107  99108  99109  99110  99111  99112  99113  99114  99115
  99116  99117  99118  99119  99120  99121  99122  99123  99124  99125
  99126  99127  99128  99129  99130  99131  99132  99133  99134  99135
  99136  99137  99138  99139  99140  99141  99142  99143  99144  99145
  99146  99147  99148  99149  99150  99151  99152  99153  99154  99155
  99156  99157  99158  99159  99160  99161  99162  99163  99164  99165
  99166  99167  99168  99169  99170  99171  99172  99173  99174  99175
  99176  99177  99178  99179  99180  99181  99182  99183  99184  99185
  99186  99187  99188  99189  99190  99191  99192  99193  99194  99195
  99196  99197  99198  99199  99200  99201  99202  99203  99204  99205
  99206  99207  99208  99209  99210  99211  99212  99213  99214  99215
  99216  99217  99218  99219  99220  99221  99222  99223  99224  99225
  99226  99227  99228  99229  99230  99231  99232  99233  99234  99235
  99236  99237  99238  99239  99240  99241  99242  99243  99244  99245
  99246  99247  99248  99249  99250  99251  99252  99253  99254  99255
  99256  99257  99258  99259  99260  99261  99262  99263  99264  99265
  99266  99267  99268  99269  99270  99271  99272  99273  99274  99275
  99276  99277  99278  99279  99280  99281  99282  99283  99284  99285
  99286  99287  99288  99289  99290  99291  99292  99293  99294  99295
  99296  99297  99298  99299  99300  99301  99302  99303  99304  99305
  99306  99307  99308  99309  99310  99311  99312  99313  99314  99315
  99316  99317  99318  99319  99320  99321  99322  99323  99324  99325
  99326  99327  99328  99329  99330  99331  99332  99333  99334  99335
  99336  99337  99338  99339  99340  99341  99342  99343  99344  99345
  99346  99347  99348  99349  99350  99351  99352  99353  99354  99355
  99356  99357  99358  99359  99360  99361  99362  99363  99364  99365
  99366  99367  99368  99369  99370  99371  99372  99373  99374  99375
  99376  99377  99378  99379  99380  99381  99382  99383  99384  99385
  99386  99387  99388  99389  99390  99391  99392  99393  99394  99395
  99396  99397  99398  99399  99400  99401  99402  99403  99404  99405
  99406  99407  99408  99409  99410  99411  99412  99413  99414  99415
  99416  99417  99418  99419  99420  99421  99422  99423  99424  99425
  99426  99427  99428  99429  99430  99431  99432  99433  99434  99435
  99436  99437  99438  99439  99440  99441  99442  99443  99444  99445
  99446  99447  99448  99449  99450  99451  99452  99453  99454  99455
  99456  99457  99458  99459  99460  99461  99462  99463  99464  99465
  99466  99467  99468  99469  99470  99471  99472  99473  99474  99475
  99476  99477  99478  99479  99480  99481  99482  99483  99484  99485
  99486  99487  99488  99489  99490  99491  99492  99493  99494  99495
  99496  99497  99498  99499  99500  99501  99502  99503  99504  99505
  99506  99507  99508  99509  99510  99511  99512  99513  99514  99515
  99516  99517  99518  99519  99520  99521  99522  99523  99524  99525
  99526  99527  99528  99529  99530  99531  99532  99533  99534  99535
  99536  99537  99538  99539  99540  99541  99542  99543  99544  99545
  99546  99547  99548  99549  99550  99551  99552  99553  99554  99555
  99556  99557  99558  99559  99560  99561  99562  99563  99564  99565
  99566  99567  99568  99569  99570  99571  99572  99573  99574  99575
  99576  99577  99578  99579  99580  99581  99582  99583  99584  99585
  99586  99587  99588  99589  99590  99591  99592  99593  99594  99595
  99596  99597  99598  99599  99600  99601  99602  99603  99604  99605
  99606  99607  99608  99609  99610  99611  99612  99613  99614  99615
  99616  99617  99618  99619  99620  99621  99622  99623  99624  99625
  99626  99627  99628  99629  99630  99631  99632  99633  99634  99635
  99636  99637  99638  99639  99640  99641  99642  99643  99644  99645
  99646  99647  99648  99649  99650  99651  99652  99653  99654  99655
  99656  99657  99658  99659  99660  99661  99662  99663  99664  99665
  99666  99667  99668  99669  99670  99671  99672  99673  99674  99675
  99676  99677  99678  99679  99680  99681  99682  99683  99684  99685
  99686  99687  99688  99689  99690  99691  99692  99693  99694  99695
  99696  99697  99698  99699  99700  99701  99702  99703  99704  99705
  99706  99707  99708  99709  99710  99711  99712  99713  99714  99715
  99716  99717  99718  99719  99720  99721  99722  99723  99724  99725
  99726  99727  99728  99729  99730  99731  99732  99733  99734  99735
  99736  99737  99738  99739  99740  99741  99742  99743  99744  99745
  99746  99747  99748  99749  99750  99751  99752  99753  99754  99755
  99756  99757  99758  99759  99760  99761  99762  99763  99764  99765
  99766  99767  99768  99769  99770  99771  99772  99773  99774  99775
  99776  99777  99778  99779  99780  99781  99782  99783  99784  99785
  99786  99787  99788  99789  99790  99791  99792  99793  99794  99795
  99796  99797  99798  99799  99800  99801  99802  99803  99804  99805
  99806  99807  99808  99809  99810  99811  99812  99813  99814  99815
  99816  99817  99818  99819  99820  99821  99822  99823  99824  99825
  99826  99827  99828  99829  99830  99831  99832  99833  99834  99835
  99836  99837  99838  99839  99840  99841  99842  99843  99844  99845
  99846  99847  99848  99849  99850  99851  99852  99853  99854  99855
  99856  99857  99858  99859  99860  99861  99862  99863  99864  99865
  99866  99867  99868  99869  99870  99871  99872  99873  99874  99875
  99876  99877  99878  99879  99880  99881  99882  99883  99884  99885
  99886  99887  99888  99889  99890  99891  99892  99893  99894  99895
  99896  99897  99898  99899  99900  99901  99902  99903  99904  99905
  99906  99907  99908  99909  99910  99911  99912  99913  99914  99915
  99916  99917  99918  99919  99920  99921  99922  99923  99924  99925
  99926  99927  99928  99929  99930  99931  99932  99933  99934  99935
  99936  99937  99938  99939  99940  99941  99942  99943  99944  99945
  99946  99947  99948  99949  99950  99951  99952  99953  99954  99955
  99956  99957  99958  99959  99960  99961  99962  99963  99964  99965
  99966  99967  99968  99969  99970  99971  99972  99973  99974  99975
  99976  99977  99978  99979  99980  99981  99982  99983  99984  99985
  99986  99987  99988  99989  99990  99991  99992  99993  99994  99995
  99996  99997  99998  99999 100000 100001 100002 100003 100004 100005
 100006 100007 100008 100009 100010 100011 100012 100013 100014 100015
 100016 100017 100018 100019 100020 100021 100022 100023 100024 100025
 100026 100027 100028 100029 100030 100031 100032 100033 100034 100035
 100036 100037 100038 100039 100040 100041 100042 100043 100044 100045
 100046 100047 100048 100049 100050 100051 100052 100053 100054 100055
 100056 100057 100058 100059 100060 100061 100062 100063 100064 100065
 100066 100067 100068 100069 100070 100071 100072 100073 100074 100075
 100076 100077 100078 100079 100080 100081 100082 100083 100084 100085
 100086 100087 100088 100089 100090 100091 100092 100093 100094 100095
 100096 100097 100098 100099 100100 100101 100102 100103 100104 100105
 100106 100107 100108 100109 100110 100111 100112 100113 100114 100115
 100116 100117 100118 100119 100120 100121 100122 100123 100124 100125
 100126 100127 100128 100129 100130 100131 100132 100133 100134 100135
 100136 100137 100138 100139 100140 100141 100142 100143 100144 100145
 100146 100147 100148 100149 100150 100151 100152 100153 100154 100155
 100156 100157 100158 100159 100160 100161 100162 100163 100164 100165
 100166 100167 100168 100169 100170 100171 100172 100173 100174 100175
 100176 100177 100178 100179 100180 100181 100182 100183 100184 100185
 100186 100187 100188 100189 100190 100191 100192 100193 100194 100195
 100196 100197 100198 100199 100200 100201 100202 100203 100204 100205
 100206 100207 100208 100209 100210 100211 100212 100213 100214 100215
 100216 100217 100218 100219 100220 100221 100222 100223 100224 100225
 100226 100227 100228 100229 100230 100231 100232 100233 100234 100235
 100236 100237 100238 100239 100240 100241 100242 100243 100244 100245
 100246 100247 100248 100249 100250 100251 100252 100253 100254 100255
 100256 100257 100258 100259 100260 100261 100262 100263 100264 100265
 100266 100267 100268 100269 100270 100271 100272 100273 100274 100275
 100276 100277 100278 100279 100280 100281 100282 100283 100284 100285
 100286 100287 100288 100289 100290 100291 100292 100293 100294 100295
 100296 100297 100298 100299 100300 100301 100302 100303 100304 100305
 100306 100307 100308 100309 100310 100311 100312 100313 100314 100315
 100316 100317 100318 100319 100320 100321 100322 100323 100324 100325
 100326 100327 100328 100329 100330 100331 100332 100333 100334 100335
 100336 100337 100338 100339 100340 100341 100342 100343 100344 100345
 100346 100347 100348 100349 100350 100351 100352 100353 100354 100355
 100356 100357 100358 100359 100360 100361 100362 100363 100364 100365
 100366 100367 100368 100369 100370 100371 100372 100373 100374 100375
 100376 100377 100378 100379 100380 100381 100382 100383 100384 100385
 100386 100387 100388 100389 100390 100391 100392 100393 100394 100395
 100396 100397 100398 100399 100400 100401 100402 100403 100404 100405
 100406 100407 100408 100409 100410 100411 100412 100413 100414 100415
 100416 100417 100418 100419 100420 100421 100422 100423 100424 100425
 100426 100427 100428 100429 100430 100431 100432 100433 100434 100435
 100436 100437 100438 100439 100440 100441 100442 100443 100444 100445
 100446 100447 100448 100449 100450 100451 100452 100453 100454 100455
 100456 100457 100458 100459 100460 100461 100462 100463 100464 100465
 100466 100467 100468 100469 100470 100471 100472 100473 100474 100475
 100476 100477 100478 100479 100480 100481 100482 100483 100484 100485
 100486 100487 100488 100489 100490 100491 100492 100493 100494 100495
 100496 100497 100498 100499 100500 100501 100502 100503 100504 100505
 100506 100507 100508 100509 100510 100511 100512 100513 100514 100515
 100516 100517 100518 100519 100520 100521 100522 100523 100524 100525
 100526 100527 100528 100529 100530 100531 100532 100533 100534 100535
 100536 100537 100538 100539 100540 100541 100542 100543 100544 100545
 100546 100547 100548 100549 100550 100551 100552 100553 100554 100555
 100556 100557 100558 100559 100560 100561 100562 100563 100564 100565
 100566 100567 100568 100569 100570 100571 100572 100573 100574 100575
 100576 100577 100578 100579 100580 100581 100582 100583 100584 100585
 100586 100587 100588 100589 100590 100591 100592 100593 100594 100595
 100596 100597 100598 100599 100600 100601 100602 100603 100604 100605
 100606 100607 100608 100609 100610 100611 100612 100613 100614 100615
 100616 100617 100618 100619 100620 100621 100622 100623 100624 100625
 100626 100627 100628 100629 100630 100631 100632 100633 100634 100635
 100636 100637 100638 100639 100640 100641 100642 100643 100644 100645
 100646 100647 100648 100649 100650 100651 100652 100653 100654 100655
 100656 100657 100658 100659 100660 100661 100662 100663 100664 100665
 100666 100667 100668 100669 100670 100671 100672 100673 100674 100675
 100676 100677 100678 100679 100680 100681 100682 100683 100684 100685
 100686 100687 100688 100689 100690 100691 100692 100693 100694 100695
 100696 100697 100698 100699 100700 100701 100702 100703 100704 100705
 100706 100707 100708 100709 100710 100711 100712 100713 100714 100715
 100716 100717 100718 100719 100720 100721 100722 100723 100724 100725
 100726 100727 100728 100729 100730 100731 100732 100733 100734 100735
 100736 100737 100738 100739 100740 100741 100742 100743 100744 100745
 100746 100747 100748 100749 100750 100751 100752 100753 100754 100755
 100756 100757 100758 100759 100760 100761 100762 100763 100764 100765
 100766 100767 100768 100769 100770 100771 100772 100773 100774 100775
 100776 100777 100778 100779 100780 100781 100782 100783 100784 100785
 100786 100787 100788 100789 100790 100791 100792 100793 100794 100795
 100796 100797 100798 100799 100800 100801 100802 100803 100804 100805
 100806 100807 100808 100809 100810 100811 100812 100813 100814 100815
 100816 100817 100818 100819 100820 100821 100822 100823 100824 100825
 100826 100827 100828 100829 100830 100831 100832 100833 100834 100835
 100836 100837 100838 100839 100840 100841 100842 100843 100844 100845
 100846 100847 100848 100849 100850 100851 100852 100853 100854 100855
 100856 100857 100858 100859 100860 100861 100862 100863 100864 100865
 100866 100867 100868 100869 100870 100871 100872 100873 100874 100875
 100876 100877 100878 100879 100880 100881 100882 100883 100884 100885
 100886 100887 100888 100889 100890 100891 100892 100893 100894 100895
 100896 100897 100898 100899 100900 100901 100902 100903 100904 100905
 100906 100907 100908 100909 100910 100911 100912 100913 100914 100915
 100916 100917 100918 100919 100920 100921 100922 100923 100924 100925
 100926 100927 100928 100929 100930 100931 100932 100933 100934 100935
 100936 100937 100938 100939 100940 100941 100942 100943 100944 100945
 100946 100947 100948 100949 100950 100951 100952 100953 100954 100955
 100956 100957 100958 100959 100960 100961 100962 100963 100964 100965
 100966 100967 100968 100969 100970 100971 100972 100973 100974 100975
 100976 100977 100978 100979 100980 100981 100982 100983 100984 100985
 100986 100987 100988 100989 100990 100991 100992 100993 100994 100995
 100996 100997 100998 100999 101000 101001 101002 101003 101004 101005
 101006 101007 101008 101009 101010 101011 101012 101013 101014 101015
 101016 101017 101018 101019 101020 101021 101022 101023 101024 101025
 101026 101027 101028 101029 101030 101031 101032 101033 101034 101035
 101036 101037 101038 101039 101040 101041 101042 101043 101044 101045
 101046 101047 101048 101049 101050 101051 101052 101053 101054 101055
 101056 101057 101058 101059 101060 101061 101062 101063 101064 101065
 101066 101067 101068 101069 101070 101071 101072 101073 101074 101075
 101076 101077 101078 101079 101080 101081 101082 101083 101084 101085
 101086 101087 101088 101089 101090 101091 101092 101093 101094 101095
 101096 101097 101098 101099 101100 101101 101102 101103 101104 101105
 101106 101107 101108 101109 101110 101111 101112 101113 101114 101115
 101116 101117 101118 101119 101120 101121 101122 101123 101124 101125
 101126 101127 101128 101129 101130 101131 101132 101133 101134 101135
 101136 101137 101138 101139 101140 101141 101142 101143 101144 101145
 101146 101147 101148 101149 101150 101151 101152 101153 101154 101155
 101156 101157 101158 101159 101160 101161 101162 101163 101164 101165
 101166 101167 101168 101169 101170 101171 101172 101173 101174 101175
 101176 101177 101178 101179 101180 101181 101182 101183 101184 101185
 101186 101187 101188 101189 101190 101191 101192 101193 101194 101195
 101196 101197 101198 101199 101200 101201 101202 101203 101204 101205
 101206 101207 101208 101209 101210 101211 101212 101213 101214 101215
 101216 101217 101218 101219 101220 101221 101222 101223 101224 101225
 101226 101227 101228 101229 101230 101231 101232 101233 101234 101235
 101236 101237 101238 101239 101240 101241 101242 101243 101244 101245
 101246 101247 101248 101249 101250 101251 101252 101253 101254 101255
 101256 101257 101258 101259 101260 101261 101262 101263 101264 101265
 101266 101267 101268 101269 101270 101271 101272 101273 101274 101275
 101276 101277 101278 101279 101280 101281 101282 101283 101284 101285
 101286 101287 101288 101289 101290 101291 101292 101293 101294 101295
 101296 101297 101298 101299 101300 101301 101302 101303 101304 101305
 101306 101307 101308 101309 101310 101311 101312 101313 101314 101315
 101316 101317 101318 101319 101320 101321 101322 101323 101324 101325
 101326 101327 101328 101329 101330 101331 101332 101333 101334 101335
 101336 101337 101338 101339 101340 101341 101342 101343 101344 101345
 101346 101347 101348 101349 101350 101351 101352 101353 101354 101355
 101356 101357 101358 101359 101360 101361 101362 101363 101364 101365
 101366 101367 101368 101369 101370 101371 101372 101373 101374 101375
 101376 101377 101378 101379 101380 101381 101382 101383 101384 101385
 101386 101387 101388 101389 101390 101391 101392 101393 101394 101395
 101396 101397 101398 101399 101400 101401 101402 101403 101404 101405
 101406 101407 101408 101409 101410 101411 101412 101413 101414 101415
 101416 101417 101418 101419 101420 101421 101422 101423 101424 101425
 101426 101427 101428 101429 101430 101431 101432 101433 101434 101435
 101436 101437 101438 101439 101440 101441 101442 101443 101444 101445
 101446 101447 101448 101449 101450 101451 101452 101453 101454 101455
 101456 101457 101458 101459 101460 101461 101462 101463 101464 101465
 101466 101467 101468 101469 101470 101471 101472 101473 101474 101475
 101476 101477 101478 101479 101480 101481 101482 101483 101484 101485
 101486 101487 101488 101489 101490 101491 101492 101493 101494 101495
 101496 101497 101498 101499 101500 101501 101502 101503 101504 101505
 101506 101507 101508 101509 101510 101511 101512 101513 101514 101515
 101516 101517 101518 101519 101520 101521 101522 101523 101524 101525
 101526 101527 101528 101529 101530 101531 101532 101533 101534 101535
 101536 101537 101538 101539 101540 101541 101542 101543 101544 101545
 101546 101547 101548 101549 101550 101551 101552 101553 101554 101555
 101556 101557 101558 101559 101560 101561 101562 101563 101564 101565
 101566 101567 101568 101569 101570 101571 101572 101573 101574 101575
 101576 101577 101578 101579 101580 101581 101582 101583 101584 101585
 101586 101587 101588 101589 101590 101591 101592 101593 101594 101595
 101596 101597 101598 101599 101600 101601 101602 101603 101604 101605
 101606 101607 101608 101609 101610 101611 101612 101613 101614 101615
 101616 101617 101618 101619 101620 101621 101622 101623 101624 101625
 101626 101627 101628 101629 101630 101631 101632 101633 101634 101635
 101636 101637 101638 101639 101640 101641 101642 101643 101644 101645
 101646 101647 101648 101649 101650 101651 101652 101653 101654 101655
 101656 101657 101658 101659 101660 101661 101662 101663 101664 101665
 101666 101667 101668 101669 101670 101671 101672 101673 101674 101675
 101676 101677 101678 101679 101680 101681 101682 101683 101684 101685
 101686 101687 101688 101689 101690 101691 101692 101693 101694 101695
 101696 101697 101698 101699 101700 101701 101702 101703 101704 101705
 101706 101707 101708 101709 101710 101711 101712 101713 101714 101715
 101716 101717 101718 101719 101720 101721 101722 101723 101724 101725
 101726 101727 101728 101729 101730 101731 101732 101733 101734 101735
 101736 101737 101738 101739 101740 101741 101742 101743 101744 101745
 101746 101747 101748 101749 101750 101751 101752 101753 101754 101755
 101756 101757 101758 101759 101760 101761 101762 101763 101764 101765
 101766 101767 101768 101769 101770 101771 101772 101773 101774 101775
 101776 101777 101778 101779 101780 101781 101782 101783 101784 101785
 101786 101787 101788 101789 101790 101791 101792 101793 101794 101795
 101796 101797 101798 101799 101800 101801 101802 101803 101804 101805
 101806 101807 101808 101809 101810 101811 101812 101813 101814 101815
 101816 101817 101818 101819 101820 101821 101822 101823 101824 101825
 101826 101827 101828 101829 101830 101831 101832 101833 101834 101835
 101836 101837 101838 101839 101840 101841 101842 101843 101844 101845
 101846 101847 101848 101849 101850 101851 101852 101853 101854 101855
 101856 101857 101858 101859 101860 101861 101862 101863 101864 101865
 101866 101867 101868 101869 101870 101871 101872 101873 101874 101875
 101876 101877 101878 101879 101880 101881 101882 101883 101884 101885
 101886 101887 101888 101889 101890 101891 101892 101893 101894 101895
 101896 101897 101898 101899 101900 101901 101902 101903 101904 101905
 101906 101907 101908 101909 101910 101911 101912 101913 101914 101915
 101916 101917 101918 101919 101920 101921 101922 101923 101924 101925
 101926 101927 101928 101929 101930 101931 101932 101933 101934 101935
 101936 101937 101938 101939 101940 101941 101942 101943 101944 101945
 101946 101947 101948 101949 101950 101951 101952 101953 101954 101955
 101956 101957 101958 101959 101960 101961 101962 101963 101964 101965
 101966 101967 101968 101969 101970 101971 101972 101973 101974 101975
 101976 101977 101978 101979 101980 101981 101982 101983 101984 101985
 101986 101987 101988 101989 101990 101991 101992 101993 101994 101995
 101996 101997 101998 101999 102000 102001 102002 102003 102004 102005
 102006 102007 102008 102009 102010 102011 102012 102013 102014 102015
 102016 102017 102018 102019 102020 102021 102022 102023 102024 102025
 102026 102027 102028 102029 102030 102031 102032 102033 102034 102035
 102036 102037 102038 102039 102040 102041 102042 102043 102044 102045
 102046 102047 102048 102049 102050 102051 102052 102053 102054 102055
 102056 102057 102058 102059 102060 102061 102062 102063 102064 102065
 102066 102067 102068 102069 102070 102071 102072 102073 102074 102075
 102076 102077 102078 102079 102080 102081 102082 102083 102084 102085
 102086 102087 102088 102089 102090 102091 102092 102093 102094 102095
 102096 102097 102098 102099 102100 102101 102102 102103 102104 102105
 102106 102107 102108 102109 102110 102111 102112 102113 102114 102115
 102116 102117 102118 102119 102120 102121 102122 102123 102124 102125
 102126 102127 102128 102129 102130 102131 102132 102133 102134 102135
 102136 102137 102138 102139 102140 102141 102142 102143 102144 102145
 102146 102147 102148 102149 102150 102151 102152 102153 102154 102155
 102156 102157 102158 102159 102160 102161 102162 102163 102164 102165
 102166 102167 102168 102169 102170 102171 102172 102173 102174 102175
 102176 102177 102178 102179 102180 102181 102182 102183 102184 102185
 102186 102187 102188 102189 102190 102191 102192 102193 102194 102195
 102196 102197 102198 102199 102200 102201 102202 102203 102204 102205
 102206 102207 102208 102209 102210 102211 102212 102213 102214 102215
 102216 102217 102218 102219 102220 102221 102222 102223 102224 102225
 102226 102227 102228 102229 102230 102231 102232 102233 102234 102235
 102236 102237 102238 102239 102240 102241 102242 102243 102244 102245
 102246 102247 102248 102249 102250 102251 102252 102253 102254 102255
 102256 102257 102258 102259 102260 102261 102262 102263 102264 102265
 102266 102267 102268 102269 102270 102271 102272 102273 102274 102275
 102276 102277 102278 102279 102280 102281 102282 102283 102284 102285
 102286 102287 102288 102289 102290 102291 102292 102293 102294 102295
 102296 102297 102298 102299 102300 102301 102302 102303 102304 102305
 102306 102307 102308 102309 102310 102311 102312 102313 102314 102315
 102316 102317 102318 102319 102320 102321 102322 102323 102324 102325
 102326 102327 102328 102329 102330 102331 102332 102333 102334 102335
 102336 102337 102338 102339 102340 102341 102342 102343 102344 102345
 102346 102347 102348 102349 102350 102351 102352 102353 102354 102355
 102356 102357 102358 102359 102360 102361 102362 102363 102364 102365
 102366 102367 102368 102369 102370 102371 102372 102373 102374 102375
 102376 102377 102378 102379 102380 102381 102382 102383 102384 102385
 102386 102387 102388 102389 102390 102391 102392 102393 102394 102395
 102396 102397 102398 102399 102400 102401 102402 102403 102404 102405
 102406 102407 102408 102409 102410 102411 102412 102413 102414 102415
 102416 102417 102418 102419 102420 102421 102422 102423 102424 102425
 102426 102427 102428 102429 102430 102431 102432 102433 102434 102435
 102436 102437 102438 102439 102440 102441 102442 102443 102444 102445
 102446 102447 102448 102449 102450 102451 102452 102453 102454 102455
 102456 102457 102458 102459 102460 102461 102462 102463 102464 102465
 102466 102467 102468 102469 102470 102471 102472 102473 102474 102475
 102476 102477 102478 102479 102480 102481 102482 102483 102484 102485
 102486 102487 102488 102489 102490 102491 102492 102493 102494 102495
 102496 102497 102498 102499 102500 102501 102502 102503 102504 102505
 102506 102507 102508 102509 102510 102511 102512 102513 102514 102515
 102516 102517 102518 102519 102520 102521 102522 102523 102524 102525
 102526 102527 102528 102529 102530 102531 102532 102533 102534 102535
 102536 102537 102538 102539 102540 102541 102542 102543 102544 102545
 102546 102547 102548 102549 102550 102551 102552 102553 102554 102555
 102556 102557 102558 102559 102560 102561 102562 102563 102564 102565
 102566 102567 102568 102569 102570 102571 102572 102573 102574 102575
 102576 102577 102578 102579 102580 102581 102582 102583 102584 102585
 102586 102587 102588 102589 102590 102591 102592 102593 102594 102595
 102596 102597 102598 102599 102600 102601 102602 102603 102604 102605
 102606 102607 102608 102609 102610 102611 102612 102613 102614 102615
 102616 102617 102618 102619 102620 102621 102622 102623 102624 102625
 102626 102627 102628 102629 102630 102631 102632 102633 102634 102635
 102636 102637 102638 102639 102640 102641 102642 102643 102644 102645
 102646 102647 102648 102649 102650 102651 102652 102653 102654 102655
 102656 102657 102658 102659 102660 102661 102662 102663 102664 102665
 102666 102667 102668 102669 102670 102671 102672 102673 102674 102675
 102676 102677 102678 102679 102680 102681 102682 102683 102684 102685
 102686 102687 102688 102689 102690 102691 102692 102693 102694 102695
 102696 102697 102698 102699 102700 102701 102702 102703 102704 102705
 102706 102707 102708 102709 102710 102711 102712 102713 102714 102715
 102716 102717 102718 102719 102720 102721 102722 102723 102724 102725
 102726 102727 102728 102729 102730 102731 102732 102733 102734 102735
 102736 102737 102738 102739 102740 102741 102742 102743 102744 102745
 102746 102747 102748 102749 102750 102751 102752 102753 102754 102755
 102756 102757 102758 102759 102760 102761 102762 102763 102764 102765
 102766 102767 102768 102769 102770 102771 102772 102773 102774 102775
 102776 102777 102778 102779 102780 102781 102782 102783 102784 102785
 102786 102787 102788 102789 102790 102791 102792 102793 102794 102795
 102796 102797 102798 102799 102800 102801 102802 102803 102804 102805
 102806 102807 102808 102809 102810 102811 102812 102813 102814 102815
 102816 102817 102818 102819 102820 102821 102822 102823 102824 102825
 102826 102827 102828 102829 102830 102831 102832 102833 102834 102835
 102836 102837 102838 102839 102840 102841 102842 102843 102844 102845
 102846 102847 102848 102849 102850 102851 102852 102853 102854 102855
 102856 102857 102858 102859 102860 102861 102862 102863 102864 102865
 102866 102867 102868 102869 102870 102871 102872 102873 102874 102875
 102876 102877 102878 102879 102880 102881 102882 102883 102884 102885
 102886 102887 102888 102889 102890 102891 102892 102893 102894 102895
 102896 102897 102898 102899 102900 102901 102902 102903 102904 102905
 102906 102907 102908 102909 102910 102911 102912 102913 102914 102915
 102916 102917 102918 102919 102920 102921 102922 102923 102924 102925
 102926 102927 102928 102929 102930 102931 102932 102933 102934 102935
 102936 102937 102938 102939 102940 102941 102942 102943 102944 102945
 102946 102947 102948 102949 102950 102951 102952 102953 102954 102955
 102956 102957 102958 102959 102960 102961 102962 102963 102964 102965
 102966 102967 102968 102969 102970 102971 102972 102973 102974 102975
 102976 102977 102978 102979 102980 102981 102982 102983 102984 102985
 102986 102987 102988 102989 102990 102991 102992 102993 102994 102995
 102996 102997 102998 102999 103000 103001 103002 103003 103004 103005
 103006 103007 103008 103009 103010 103011 103012 103013 103014 103015
 103016 103017 103018 103019 103020 103021 103022 103023 103024 103025
 103026 103027 103028 103029 103030 103031 103032 103033 103034 103035
 103036 103037 103038 103039 103040 103041 103042 103043 103044 103045
 103046 103047 103048 103049 103050 103051 103052 103053 103054 103055
 103056 103057 103058 103059 103060 103061 103062 103063 103064 103065
 103066 103067 103068 103069 103070 103071 103072 103073 103074 103075
 103076 103077 103078 103079 103080 103081 103082 103083 103084 103085
 103086 103087 103088 103089 103090 103091 103092 103093 103094 103095
 103096 103097 103098 103099 103100 103101 103102 103103 103104 103105
 103106 103107 103108 103109 103110 103111 103112 103113 103114 103115
 103116 103117 103118 103119 103120 103121 103122 103123 103124 103125
 103126 103127 103128 103129 103130 103131 103132 103133 103134 103135
 103136 103137 103138 103139 103140 103141 103142 103143 103144 103145
 103146 103147 103148 103149 103150 103151 103152 103153 103154 103155
 103156 103157 103158 103159 103160 103161 103162 103163 103164 103165
 103166 103167 103168 103169 103170 103171 103172 103173 103174 103175
 103176 103177 103178 103179 103180 103181 103182 103183 103184 103185
 103186 103187 103188 103189 103190 103191 103192 103193 103194 103195
 103196 103197 103198 103199 103200 103201 103202 103203 103204 103205
 103206 103207 103208 103209 103210 103211 103212 103213 103214 103215
 103216 103217 103218 103219 103220 103221 103222 103223 103224 103225
 103226 103227 103228 103229 103230 103231 103232 103233 103234 103235
 103236 103237 103238 103239 103240 103241 103242 103243 103244 103245
 103246 103247 103248 103249 103250 103251 103252 103253 103254 103255
 103256 103257 103258 103259 103260 103261 103262 103263 103264 103265
 103266 103267 103268 103269 103270 103271 103272 103273 103274 103275
 103276 103277 103278 103279 103280 103281 103282 103283 103284 103285
 103286 103287 103288 103289 103290 103291 103292 103293 103294 103295
 103296 103297 103298 103299 103300 103301 103302 103303 103304 103305
 103306 103307 103308 103309 103310 103311 103312 103313 103314 103315
 103316 103317 103318 103319 103320 103321 103322 103323 103324 103325
 103326 103327 103328 103329 103330 103331 103332 103333 103334 103335
 103336 103337 103338 103339 103340 103341 103342 103343 103344 103345
 103346 103347 103348 103349 103350 103351 103352 103353 103354 103355
 103356 103357 103358 103359 103360 103361 103362 103363 103364 103365
 103366 103367 103368 103369 103370 103371 103372 103373 103374 103375
 103376 103377 103378 103379 103380 103381 103382 103383 103384 103385
 103386 103387 103388 103389 103390 103391 103392 103393 103394 103395
 103396 103397 103398 103399 103400 103401 103402 103403 103404 103405
 103406 103407 103408 103409 103410 103411 103412 103413 103414 103415
 103416 103417 103418 103419 103420 103421 103422 103423 103424 103425
 103426 103427 103428 103429 103430 103431 103432 103433 103434 103435
 103436 103437 103438 103439 103440 103441 103442 103443 103444 103445
 103446 103447 103448 103449 103450 103451 103452 103453 103454 103455
 103456 103457 103458 103459 103460 103461 103462 103463 103464 103465
 103466 103467 103468 103469 103470 103471 103472 103473 103474 103475
 103476 103477 103478 103479 103480 103481 103482 103483 103484 103485
 103486 103487 103488 103489 103490 103491 103492 103493 103494 103495
 103496 103497 103498 103499 103500 103501 103502 103503 103504 103505
 103506 103507 103508 103509 103510 103511 103512 103513 103514 103515
 103516 103517 103518 103519 103520 103521 103522 103523 103524 103525
 103526 103527 103528 103529 103530 103531 103532 103533 103534 103535
 103536 103537 103538 103539 103540 103541 103542 103543 103544 103545
 103546 103547 103548 103549 103550 103551 103552 103553 103554 103555
 103556 103557 103558 103559 103560 103561 103562 103563 103564 103565
 103566 103567 103568 103569 103570 103571 103572 103573 103574 103575
 103576 103577 103578 103579 103580 103581 103582 103583 103584 103585
 103586 103587 103588 103589 103590 103591 103592 103593 103594 103595
 103596 103597 103598 103599 103600 103601 103602 103603 103604 103605
 103606 103607 103608 103609 103610 103611 103612 103613 103614 103615
 103616 103617 103618 103619 103620 103621 103622 103623 103624 103625
 103626 103627 103628 103629 103630 103631 103632 103633 103634 103635
 103636 103637 103638 103639 103640 103641 103642 103643 103644 103645
 103646 103647 103648 103649 103650 103651 103652 103653 103654 103655
 103656 103657 103658 103659 103660 103661 103662 103663 103664 103665
 103666 103667 103668 103669 103670 103671 103672 103673 103674 103675
 103676 103677 103678 103679 103680 103681 103682 103683 103684 103685
 103686 103687 103688 103689 103690 103691 103692 103693 103694 103695
 103696 103697 103698 103699 103700 103701 103702 103703 103704 103705
 103706 103707 103708 103709 103710 103711 103712 103713 103714 103715
 103716 103717 103718 103719 103720 103721 103722 103723 103724 103725
 103726 103727 103728 103729 103730 103731 103732 103733 103734 103735
 103736 103737 103738 103739 103740 103741 103742 103743 103744 103745
 103746 103747 103748 103749 103750 103751 103752 103753 103754 103755
 103756 103757 103758 103759 103760 103761 103762 103763 103764 103765
 103766 103767 103768 103769 103770 103771 103772 103773 103774 103775
 103776 103777 103778 103779 103780 103781 103782 103783 103784 103785
 103786 103787 103788 103789 103790 103791 103792 103793 103794 103795
 103796 103797 103798 103799 103800 103801 103802 103803 103804 103805
 103806 103807 103808 103809 103810 103811 103812 103813 103814 103815
 103816 103817 103818 103819 103820 103821 103822 103823 103824 103825
 103826 103827 103828 103829 103830 103831 103832 103833 103834 103835
 103836 103837 103838 103839 103840 103841 103842 103843 103844 103845
 103846 103847 103848 103849 103850 103851 103852 103853 103854 103855
 103856 103857 103858 103859 103860 103861 103862 103863 103864 103865
 103866 103867 103868 103869 103870 103871 103872 103873 103874 103875
 103876 103877 103878 103879 103880 103881 103882 103883 103884 103885
 103886 103887 103888 103889 103890 103891 103892 103893 103894 103895
 103896 103897 103898 103899 103900 103901 103902 103903 103904 103905
 103906 103907 103908 103909 103910 103911 103912 103913 103914 103915
 103916 103917 103918 103919 103920 103921 103922 103923 103924 103925
 103926 103927 103928 103929 103930 103931 103932 103933 103934 103935
 103936 103937 103938 103939 103940 103941 103942 103943 103944 103945
 103946 103947 103948 103949 103950 103951 103952 103953 103954 103955
 103956 103957 103958 103959 103960 103961 103962 103963 103964 103965
 103966 103967 103968 103969 103970 103971 103972 103973 103974 103975
 103976 103977 103978 103979 103980 103981 103982 103983 103984 103985
 103986 103987 103988 103989 103990 103991 103992 103993 103994 103995
 103996 103997 103998 103999 104000 104001 104002 104003 104004 104005
 104006 104007 104008 104009 104010 104011 104012 104013 104014 104015
 104016 104017 104018 104019 104020 104021 104022 104023 104024 104025
 104026 104027 104028 104029 104030 104031 104032 104033 104034 104035
 104036 104037 104038 104039 104040 104041 104042 104043 104044 104045
 104046 104047 104048 104049 104050 104051 104052 104053 104054 104055
 104056 104057 104058 104059 104060 104061 104062 104063 104064 104065
 104066 104067 104068 104069 104070 104071 104072 104073 104074 104075
 104076 104077 104078 104079 104080 104081 104082 104083 104084 104085
 104086 104087 104088 104089 104090 104091 104092 104093 104094 104095
 104096 104097 104098 104099 104100 104101 104102 104103 104104 104105
 104106 104107 104108 104109 104110 104111 104112 104113 104114 104115
 104116 104117 104118 104119 104120 104121 104122 104123 104124 104125
 104126 104127 104128 104129 104130 104131 104132 104133 104134 104135
 104136 104137 104138 104139 104140 104141 104142 104143 104144 104145
 104146 104147 104148 104149 104150 104151 104152 104153 104154 104155
 104156 104157 104158 104159 104160 104161 104162 104163 104164 104165
 104166 104167 104168 104169 104170 104171 104172 104173 104174 104175
 104176 104177 104178 104179 104180 104181 104182 104183 104184 104185
 104186 104187 104188 104189 104190 104191 104192 104193 104194 104195
 104196 104197 104198 104199 104200 104201 104202 104203 104204 104205
 104206 104207 104208 104209 104210 104211 104212 104213 104214 104215
 104216 104217 104218 104219 104220 104221 104222 104223 104224 104225
 104226 104227 104228 104229 104230 104231 104232 104233 104234 104235
 104236 104237 104238 104239 104240 104241 104242 104243 104244 104245
 104246 104247 104248 104249 104250 104251 104252 104253 104254 104255
 104256 104257 104258 104259 104260 104261 104262 104263 104264 104265
 104266 104267 104268 104269 104270 104271 104272 104273 104274 104275
 104276 104277 104278 104279 104280 104281 104282 104283 104284 104285
 104286 104287 104288 104289 104290 104291 104292 104293 104294 104295
 104296 104297 104298 104299 104300 104301 104302 104303 104304 104305
 104306 104307 104308 104309 104310 104311 104312 104313 104314 104315
 104316 104317 104318 104319 104320 104321 104322 104323 104324 104325
 104326 104327 104328 104329 104330 104331 104332 104333 104334 104335
 104336 104337 104338 104339 104340 104341 104342 104343 104344 104345
 104346 104347 104348 104349 104350 104351 104352 104353 104354 104355
 104356 104357 104358 104359 104360 104361 104362 104363 104364 104365
 104366 104367 104368 104369 104370 104371 104372 104373 104374 104375
 104376 104377 104378 104379 104380 104381 104382 104383 104384 104385
 104386 104387 104388 104389 104390 104391 104392 104393 104394 104395
 104396 104397 104398 104399 104400 104401 104402 104403 104404 104405
 104406 104407 104408 104409 104410 104411 104412 104413 104414 104415
 104416 104417 104418 104419 104420 104421 104422 104423 104424 104425
 104426 104427 104428 104429 104430 104431 104432 104433 104434 104435
 104436 104437 104438 104439 104440 104441 104442 104443 104444 104445
 104446 104447 104448 104449 104450 104451 104452 104453 104454 104455
 104456 104457 104458 104459 104460 104461 104462 104463 104464 104465
 104466 104467 104468 104469 104470 104471 104472 104473 104474 104475
 104476 104477 104478 104479 104480 104481 104482 104483 104484 104485
 104486 104487 104488 104489 104490 104491 104492 104493 104494 104495
 104496 104497 104498 104499 104500 104501 104502 104503 104504 104505
 104506 104507 104508 104509 104510 104511 104512 104513 104514 104515
 104516 104517 104518 104519 104520 104521 104522 104523 104524 104525
 104526 104527 104528 104529 104530 104531 104532 104533 104534 104535
 104536 104537 104538 104539 104540 104541 104542 104543 104544 104545
 104546 104547 104548 104549 104550 104551 104552 104553 104554 104555
 104556 104557 104558 104559 104560 104561 104562 104563 104564 104565
 104566 104567 104568 104569 104570 104571 104572 104573 104574 104575
 104576 104577 104578 104579 104580 104581 104582 104583 104584 104585
 104586 104587 104588 104589 104590 104591 104592 104593 104594 104595
 104596 104597 104598 104599 104600 104601 104602 104603 104604 104605
 104606 104607 104608 104609 104610 104611 104612 104613 104614 104615
 104616 104617 104618 104619 104620 104621 104622 104623 104624 104625
 104626 104627 104628 104629 104630 104631 104632 104633 104634 104635
 104636 104637 104638 104639 104640 104641 104642 104643 104644 104645
 104646 104647 104648 104649 104650 104651 104652 104653 104654 104655
 104656 104657 104658 104659 104660 104661 104662 104663 104664 104665
 104666 104667 104668 104669 104670 104671 104672 104673 104674 104675
 104676 104677 104678 104679 104680 104681 104682 104683 104684 104685
 104686 104687 104688 104689 104690 104691 104692 104693 104694 104695
 104696 104697 104698 104699 104700 104701 104702 104703 104704 104705
 104706 104707 104708 104709 104710 104711 104712 104713 104714 104715
 104716 104717 104718 104719 104720 104721 104722 104723 104724 104725
 104726 104727 104728 104729 104730 104731 104732 104733 104734 104735
 104736 104737 104738 104739 104740 104741 104742 104743 104744 104745
 104746 104747 104748 104749 104750 104751 104752 104753 104754 104755
 104756 104757 104758 104759 104760 104761 104762 104763 104764 104765
 104766 104767 104768 104769 104770 104771 104772 104773 104774 104775
 104776 104777 104778 104779 104780 104781 104782 104783 104784 104785
 104786 104787 104788 104789 104790 104791 104792 104793 104794 104795
 104796 104797 104798 104799 104800 104801 104802 104803 104804 104805
 104806 104807 104808 104809 104810 104811 104812 104813 104814 104815
 104816 104817 104818 104819 104820 104821 104822 104823 104824 104825
 104826 104827 104828 104829 104830 104831 104832 104833 104834 104835
 104836 104837 104838 104839 104840 104841 104842 104843 104844 104845
 104846 104847 104848 104849 104850 104851 104852 104853 104854 104855
 104856 104857 104858 104859 104860 104861 104862 104863 104864 104865
 104866 104867 104868 104869 104870 104871 104872 104873 104874 104875
 104876 104877 104878 104879 104880 104881 104882 104883 104884 104885
 104886 104887 104888 104889 104890 104891 104892 104893 104894 104895
 104896 104897 104898 104899 104900 104901 104902 104903 104904 104905
 104906 104907 104908 104909 104910 104911 104912 104913 104914 104915
 104916 104917 104918 104919 104920 104921 104922 104923 104924 104925
 104926 104927 104928 104929 104930 104931 104932 104933 104934 104935
 104936 104937 104938 104939 104940 104941 104942 104943 104944 104945
 104946 104947 104948 104949 104950 104951 104952 104953 104954 104955
 104956 104957 104958 104959 104960 104961 104962 104963 104964 104965
 104966 104967 104968 104969 104970 104971 104972 104973 104974 104975
 104976 104977 104978 104979 104980 104981 104982 104983 104984 104985
 104986 104987 104988 104989 104990 104991 104992 104993 104994 104995
 104996 104997 104998 104999 105000 105001 105002 105003 105004 105005
 105006 105007 105008 105009 105010 105011 105012 105013 105014 105015
 105016 105017 105018 105019 105020 105021 105022 105023 105024 105025
 105026 105027 105028 105029 105030 105031 105032 105033 105034 105035
 105036 105037 105038 105039 105040 105041 105042 105043 105044 105045
 105046 105047 105048 105049 105050 105051 105052 105053 105054 105055
 105056 105057 105058 105059 105060 105061 105062 105063 105064 105065
 105066 105067 105068 105069 105070 105071 105072 105073 105074 105075
 105076 105077 105078 105079 105080 105081 105082 105083 105084 105085
 105086 105087 105088 105089 105090 105091 105092 105093 105094 105095
 105096 105097 105098 105099 105100 105101 105102 105103 105104 105105
 105106 105107 105108 105109 105110 105111 105112 105113 105114 105115
 105116 105117 105118 105119 105120 105121 105122 105123 105124 105125
 105126 105127 105128 105129 105130 105131 105132 105133 105134 105135
 105136 105137 105138 105139 105140 105141 105142 105143 105144 105145
 105146 105147 105148 105149 105150 105151 105152 105153 105154 105155
 105156 105157 105158 105159 105160 105161 105162 105163 105164 105165
 105166 105167 105168 105169 105170 105171 105172 105173 105174 105175
 105176 105177 105178 105179 105180 105181 105182 105183 105184 105185
 105186 105187 105188 105189 105190 105191 105192 105193 105194 105195
 105196 105197 105198 105199 105200 105201 105202 105203 105204 105205
 105206 105207 105208 105209 105210 105211 105212 105213 105214 105215
 105216 105217 105218 105219 105220 105221 105222 105223 105224 105225
 105226 105227 105228 105229 105230 105231 105232 105233 105234 105235
 105236 105237 105238 105239 105240 105241 105242 105243 105244 105245
 105246 105247 105248 105249 105250 105251 105252 105253 105254 105255
 105256 105257 105258 105259 105260 105261 105262 105263 105264 105265
 105266 105267 105268 105269 105270 105271 105272 105273 105274 105275
 105276 105277 105278 105279 105280 105281 105282 105283 105284 105285
 105286 105287 105288 105289 105290 105291 105292 105293 105294 105295
 105296 105297 105298 105299 105300 105301 105302 105303 105304 105305
 105306 105307 105308 105309 105310 105311 105312 105313 105314 105315
 105316 105317 105318 105319 105320 105321 105322 105323 105324 105325
 105326 105327 105328 105329 105330 105331 105332 105333 105334 105335
 105336 105337 105338 105339 105340 105341 105342 105343 105344 105345
 105346 105347 105348 105349 105350 105351 105352 105353 105354 105355
 105356 105357 105358 105359 105360 105361 105362 105363 105364 105365
 105366 105367 105368 105369 105370 105371 105372 105373 105374 105375
 105376 105377 105378 105379 105380 105381 105382 105383 105384 105385
 105386 105387 105388 105389 105390 105391 105392 105393 105394 105395
 105396 105397 105398 105399 105400 105401 105402 105403 105404 105405
 105406 105407 105408 105409 105410 105411 105412 105413 105414 105415
 105416 105417 105418 105419 105420 105421 105422 105423 105424 105425
 105426 105427 105428 105429 105430 105431 105432 105433 105434 105435
 105436 105437 105438 105439 105440 105441 105442 105443 105444 105445
 105446 105447 105448 105449 105450 105451 105452 105453 105454 105455
 105456 105457 105458 105459 105460 105461 105462 105463 105464 105465
 105466 105467 105468 105469 105470 105471 105472 105473 105474 105475
 105476 105477 105478 105479 105480 105481 105482 105483 105484 105485
 105486 105487 105488 105489 105490 105491 105492 105493 105494 105495
 105496 105497 105498 105499 105500 105501 105502 105503 105504 105505
 105506 105507 105508 105509 105510 105511 105512 105513 105514 105515
 105516 105517 105518 105519 105520 105521 105522 105523 105524 105525
 105526 105527 105528 105529 105530 105531 105532 105533 105534 105535
 105536 105537 105538 105539 105540 105541 105542 105543 105544 105545
 105546 105547 105548 105549 105550 105551 105552 105553 105554 105555
 105556 105557 105558 105559 105560 105561 105562 105563 105564 105565
 105566 105567 105568 105569 105570 105571 105572 105573 105574 105575
 105576 105577 105578 105579 105580 105581 105582 105583 105584 105585
 105586 105587 105588 105589 105590 105591 105592 105593 105594 105595
 105596 105597 105598 105599 105600 105601 105602 105603 105604 105605
 105606 105607 105608 105609 105610 105611 105612 105613 105614 105615
 105616 105617 105618 105619 105620 105621 105622 105623 105624 105625
 105626 105627 105628 105629 105630 105631 105632 105633 105634 105635
 105636 105637 105638 105639 105640 105641 105642 105643 105644 105645
 105646 105647 105648 105649 105650 105651 105652 105653 105654 105655
 105656 105657 105658 105659 105660 105661 105662 105663 105664 105665
 105666 105667 105668 105669 105670 105671 105672 105673 105674 105675
 105676 105677 105678 105679 105680 105681 105682 105683 105684 105685
 105686 105687 105688 105689 105690 105691 105692 105693 105694 105695
 105696 105697 105698 105699 105700 105701 105702 105703 105704 105705
 105706 105707 105708 105709 105710 105711 105712 105713 105714 105715
 105716 105717 105718 105719 105720 105721 105722 105723 105724 105725
 105726 105727 105728 105729 105730 105731 105732 105733 105734 105735
 105736 105737 105738 105739 105740 105741 105742 105743 105744 105745
 105746 105747 105748 105749 105750 105751 105752 105753 105754 105755
 105756 105757 105758 105759 105760 105761 105762 105763 105764 105765
 105766 105767 105768 105769 105770 105771 105772 105773 105774 105775
 105776 105777 105778 105779 105780 105781 105782 105783 105784 105785
 105786 105787 105788 105789 105790 105791 105792 105793 105794 105795
 105796 105797 105798 105799 105800 105801 105802 105803 105804 105805
 105806 105807 105808 105809 105810 105811 105812 105813 105814 105815
 105816 105817 105818 105819 105820 105821 105822 105823 105824 105825
 105826 105827 105828 105829 105830 105831 105832 105833 105834 105835
 105836 105837 105838 105839 105840 105841 105842 105843 105844 105845
 105846 105847 105848 105849 105850 105851 105852 105853 105854 105855
 105856 105857 105858 105859 105860 105861 105862 105863 105864 105865
 105866 105867 105868 105869 105870 105871 105872 105873 105874 105875
 105876 105877 105878 105879 105880 105881 105882 105883 105884 105885
 105886 105887 105888 105889 105890 105891 105892 105893 105894 105895
 105896 105897 105898 105899 105900 105901 105902 105903 105904 105905
 105906 105907 105908 105909 105910 105911 105912 105913 105914 105915
 105916 105917 105918 105919 105920 105921 105922 105923 105924 105925
 105926 105927 105928 105929 105930 105931 105932 105933 105934 105935
 105936 105937 105938 105939 105940 105941 105942 105943 105944 105945
 105946 105947 105948 105949 105950 105951 105952 105953 105954 105955
 105956 105957 105958 105959 105960 105961 105962 105963 105964 105965
 105966 105967 105968 105969 105970 105971 105972 105973 105974 105975
 105976 105977 105978 105979 105980 105981 105982 105983 105984 105985
 105986 105987 105988 105989 105990 105991 105992 105993 105994 105995
 105996 105997 105998 105999 106000 106001 106002 106003 106004 106005
 106006 106007 106008 106009 106010 106011 106012 106013 106014 106015
 106016 106017 106018 106019 106020 106021 106022 106023 106024 106025
 106026 106027 106028 106029 106030 106031 106032 106033 106034 106035
 106036 106037 106038 106039 106040 106041 106042 106043 106044 106045
 106046 106047 106048 106049 106050 106051 106052 106053 106054 106055
 106056 106057 106058 106059 106060 106061 106062 106063 106064 106065
 106066 106067 106068 106069 106070 106071 106072 106073 106074 106075
 106076 106077 106078 106079 106080 106081 106082 106083 106084 106085
 106086 106087 106088 106089 106090 106091 106092 106093 106094 106095
 106096 106097 106098 106099 106100 106101 106102 106103 106104 106105
 106106 106107 106108 106109 106110 106111 106112 106113 106114 106115
 106116 106117 106118 106119 106120 106121 106122 106123 106124 106125
 106126 106127 106128 106129 106130 106131 106132 106133 106134 106135
 106136 106137 106138 106139 106140 106141 106142 106143 106144 106145
 106146 106147 106148 106149 106150 106151 106152 106153 106154 106155
 106156 106157 106158 106159 106160 106161 106162 106163 106164 106165
 106166 106167 106168 106169 106170 106171 106172 106173 106174 106175
 106176 106177 106178 106179 106180 106181 106182 106183 106184 106185
 106186 106187 106188 106189 106190 106191 106192 106193 106194 106195
 106196 106197 106198 106199 106200 106201 106202 106203 106204 106205
 106206 106207 106208 106209 106210 106211 106212 106213 106214 106215
 106216 106217 106218 106219 106220 106221 106222 106223 106224 106225
 106226 106227 106228 106229 106230 106231 106232 106233 106234 106235
 106236 106237 106238 106239 106240 106241 106242 106243 106244 106245
 106246 106247 106248 106249 106250 106251 106252 106253 106254 106255
 106256 106257 106258 106259 106260 106261 106262 106263 106264 106265
 106266 106267 106268 106269 106270 106271 106272 106273 106274 106275
 106276 106277 106278 106279 106280 106281 106282 106283 106284 106285
 106286 106287 106288 106289 106290 106291 106292 106293 106294 106295
 106296 106297 106298 106299 106300 106301 106302 106303 106304 106305
 106306 106307 106308 106309 106310 106311 106312 106313 106314 106315
 106316 106317 106318 106319 106320 106321 106322 106323 106324 106325
 106326 106327 106328 106329 106330 106331 106332 106333 106334 106335
 106336 106337 106338 106339 106340 106341 106342 106343 106344 106345
 106346 106347 106348 106349 106350 106351 106352 106353 106354 106355
 106356 106357 106358 106359 106360 106361 106362 106363 106364 106365
 106366 106367 106368 106369 106370 106371 106372 106373 106374 106375
 106376 106377 106378 106379 106380 106381 106382 106383 106384 106385
 106386 106387 106388 106389 106390 106391 106392 106393 106394 106395
 106396 106397 106398 106399 106400 106401 106402 106403 106404 106405
 106406 106407 106408 106409 106410 106411 106412 106413 106414 106415
 106416 106417 106418 106419 106420 106421 106422 106423 106424 106425
 106426 106427 106428 106429 106430 106431 106432 106433 106434 106435
 106436 106437 106438 106439 106440 106441 106442 106443 106444 106445
 106446 106447 106448 106449 106450 106451 106452 106453 106454 106455
 106456 106457 106458 106459 106460 106461 106462 106463 106464 106465
 106466 106467 106468 106469 106470 106471 106472 106473 106474 106475
 106476 106477 106478 106479 106480 106481 106482 106483 106484 106485
 106486 106487 106488 106489 106490 106491 106492 106493 106494 106495
 106496 106497 106498 106499 106500 106501 106502 106503 106504 106505
 106506 106507 106508 106509 106510 106511 106512 106513 106514 106515
 106516 106517 106518 106519 106520 106521 106522 106523 106524 106525
 106526 106527 106528 106529 106530 106531 106532 106533 106534 106535
 106536 106537 106538 106539 106540 106541 106542 106543 106544 106545
 106546 106547 106548 106549 106550 106551 106552 106553 106554 106555
 106556 106557 106558 106559 106560 106561 106562 106563 106564 106565
 106566 106567 106568 106569 106570 106571 106572 106573 106574 106575
 106576 106577 106578 106579 106580 106581 106582 106583 106584 106585
 106586 106587 106588 106589 106590 106591 106592 106593 106594 106595
 106596 106597 106598 106599 106600 106601 106602 106603 106604 106605
 106606 106607 106608 106609 106610 106611 106612 106613 106614 106615
 106616 106617 106618 106619 106620 106621 106622 106623 106624 106625
 106626 106627 106628 106629 106630 106631 106632 106633 106634 106635
 106636 106637 106638 106639 106640 106641 106642 106643 106644 106645
 106646 106647 106648 106649 106650 106651 106652 106653 106654 106655
 106656 106657 106658 106659 106660 106661 106662 106663 106664 106665
 106666 106667 106668 106669 106670 106671 106672 106673 106674 106675
 106676 106677 106678 106679 106680 106681 106682 106683 106684 106685
 106686 106687 106688 106689 106690 106691 106692 106693 106694 106695
 106696 106697 106698 106699 106700 106701 106702 106703 106704 106705
 106706 106707 106708 106709 106710 106711 106712 106713 106714 106715
 106716 106717 106718 106719 106720 106721 106722 106723 106724 106725
 106726 106727 106728 106729 106730 106731 106732 106733 106734 106735
 106736 106737 106738 106739 106740 106741 106742 106743 106744 106745
 106746 106747 106748 106749 106750 106751 106752 106753 106754 106755
 106756 106757 106758 106759 106760 106761 106762 106763 106764 106765
 106766 106767 106768 106769 106770 106771 106772 106773 106774 106775
 106776 106777 106778 106779 106780 106781 106782 106783 106784 106785
 106786 106787 106788 106789 106790 106791 106792 106793 106794 106795
 106796 106797 106798 106799 106800 106801 106802 106803 106804 106805
 106806 106807 106808 106809 106810 106811 106812 106813 106814 106815
 106816 106817 106818 106819 106820 106821 106822 106823 106824 106825
 106826 106827 106828 106829 106830 106831 106832 106833 106834 106835
 106836 106837 106838 106839 106840 106841 106842 106843 106844 106845
 106846 106847 106848 106849 106850 106851 106852 106853 106854 106855
 106856 106857 106858 106859 106860 106861 106862 106863 106864 106865
 106866 106867 106868 106869 106870 106871 106872 106873 106874 106875
 106876 106877 106878 106879 106880 106881 106882 106883 106884 106885
 106886 106887 106888 106889 106890 106891 106892 106893 106894 106895
 106896 106897 106898 106899 106900 106901 106902 106903 106904 106905
 106906 106907 106908 106909 106910 106911 106912 106913 106914 106915
 106916 106917 106918 106919 106920 106921 106922 106923 106924 106925
 106926 106927 106928 106929 106930 106931 106932 106933 106934 106935
 106936 106937 106938 106939 106940 106941 106942 106943 106944 106945
 106946 106947 106948 106949 106950 106951 106952 106953 106954 106955
 106956 106957 106958 106959 106960 106961 106962 106963 106964 106965
 106966 106967 106968 106969 106970 106971 106972 106973 106974 106975
 106976 106977 106978 106979 106980 106981 106982 106983 106984 106985
 106986 106987 106988 106989 106990 106991 106992 106993 106994 106995
 106996 106997 106998 106999 107000 107001 107002 107003 107004 107005
 107006 107007 107008 107009 107010 107011 107012 107013 107014 107015
 107016 107017 107018 107019 107020 107021 107022 107023 107024 107025
 107026 107027 107028 107029 107030 107031 107032 107033 107034 107035
 107036 107037 107038 107039 107040 107041 107042 107043 107044 107045
 107046 107047 107048 107049 107050 107051 107052 107053 107054 107055
 107056 107057 107058 107059 107060 107061 107062 107063 107064 107065
 107066 107067 107068 107069 107070 107071 107072 107073 107074 107075
 107076 107077 107078 107079 107080 107081 107082 107083 107084 107085
 107086 107087 107088 107089 107090 107091 107092 107093 107094 107095
 107096 107097 107098 107099 107100 107101 107102 107103 107104 107105
 107106 107107 107108 107109 107110 107111 107112 107113 107114 107115
 107116 107117 107118 107119 107120 107121 107122 107123 107124 107125
 107126 107127 107128 107129 107130 107131 107132 107133 107134 107135
 107136 107137 107138 107139 107140 107141 107142 107143 107144 107145
 107146 107147 107148 107149 107150 107151 107152 107153 107154 107155
 107156 107157 107158 107159 107160 107161 107162 107163 107164 107165
 107166 107167 107168 107169 107170 107171 107172 107173 107174 107175
 107176 107177 107178 107179 107180 107181 107182 107183 107184 107185
 107186 107187 107188 107189 107190 107191 107192 107193 107194 107195
 107196 107197 107198 107199 107200 107201 107202 107203 107204 107205
 107206 107207 107208 107209 107210 107211 107212 107213 107214 107215
 107216 107217 107218 107219 107220 107221 107222 107223 107224 107225
 107226 107227 107228 107229 107230 107231 107232 107233 107234 107235
 107236 107237 107238 107239 107240 107241 107242 107243 107244 107245
 107246 107247 107248 107249 107250 107251 107252 107253 107254 107255
 107256 107257 107258 107259 107260 107261 107262 107263 107264 107265
 107266 107267 107268 107269 107270 107271 107272 107273 107274 107275
 107276 107277 107278 107279 107280 107281 107282 107283 107284 107285
 107286 107287 107288 107289 107290 107291 107292 107293 107294 107295
 107296 107297 107298 107299 107300 107301 107302 107303 107304 107305
 107306 107307 107308 107309 107310 107311 107312 107313 107314 107315
 107316 107317 107318 107319 107320 107321 107322 107323 107324 107325
 107326 107327 107328 107329 107330 107331 107332 107333 107334 107335
 107336 107337 107338 107339 107340 107341 107342 107343 107344 107345
 107346 107347 107348 107349 107350 107351 107352 107353 107354 107355
 107356 107357 107358 107359 107360 107361 107362 107363 107364 107365
 107366 107367 107368 107369 107370 107371 107372 107373 107374 107375
 107376 107377 107378 107379 107380 107381 107382 107383 107384 107385
 107386 107387 107388 107389 107390 107391 107392 107393 107394 107395
 107396 107397 107398 107399 107400 107401 107402 107403 107404 107405
 107406 107407 107408 107409 107410 107411 107412 107413 107414 107415
 107416 107417 107418 107419 107420 107421 107422 107423 107424 107425
 107426 107427 107428 107429 107430 107431 107432 107433 107434 107435
 107436 107437 107438 107439 107440 107441 107442 107443 107444 107445
 107446 107447 107448 107449 107450 107451 107452 107453 107454 107455
 107456 107457 107458 107459 107460 107461 107462 107463 107464 107465
 107466 107467 107468 107469 107470 107471 107472 107473 107474 107475
 107476 107477 107478 107479 107480 107481 107482 107483 107484 107485
 107486 107487 107488 107489 107490 107491 107492 107493 107494 107495
 107496 107497 107498 107499 107500 107501 107502 107503 107504 107505
 107506 107507 107508 107509 107510 107511 107512 107513 107514 107515
 107516 107517 107518 107519 107520 107521 107522 107523 107524 107525
 107526 107527 107528 107529 107530 107531 107532 107533 107534 107535
 107536 107537 107538 107539 107540 107541 107542 107543 107544 107545
 107546 107547 107548 107549 107550 107551 107552 107553 107554 107555
 107556 107557 107558 107559 107560 107561 107562 107563 107564 107565
 107566 107567 107568 107569 107570 107571 107572 107573 107574 107575
 107576 107577 107578 107579 107580 107581 107582 107583 107584 107585
 107586 107587 107588 107589 107590 107591 107592 107593 107594 107595
 107596 107597 107598 107599 107600 107601 107602 107603 107604 107605
 107606 107607 107608 107609 107610 107611 107612 107613 107614 107615
 107616 107617 107618 107619 107620 107621 107622 107623 107624 107625
 107626 107627 107628 107629 107630 107631 107632 107633 107634 107635
 107636 107637 107638 107639 107640 107641 107642 107643 107644 107645
 107646 107647 107648 107649 107650 107651 107652 107653 107654 107655
 107656 107657 107658 107659 107660 107661 107662 107663 107664 107665
 107666 107667 107668 107669 107670 107671 107672 107673 107674 107675
 107676 107677 107678 107679 107680 107681 107682 107683 107684 107685
 107686 107687 107688 107689 107690 107691 107692 107693 107694 107695
 107696 107697 107698 107699 107700 107701 107702 107703 107704 107705
 107706 107707 107708 107709 107710 107711 107712 107713 107714 107715
 107716 107717 107718 107719 107720 107721 107722 107723 107724 107725
 107726 107727 107728 107729 107730 107731 107732 107733 107734 107735
 107736 107737 107738 107739 107740 107741 107742 107743 107744 107745
 107746 107747 107748 107749 107750 107751 107752 107753 107754 107755
 107756 107757 107758 107759 107760 107761 107762 107763 107764 107765
 107766 107767 107768 107769 107770 107771 107772 107773 107774 107775
 107776 107777 107778 107779 107780 107781 107782 107783 107784 107785
 107786 107787 107788 107789 107790 107791 107792 107793 107794 107795
 107796 107797 107798 107799 107800 107801 107802 107803 107804 107805
 107806 107807 107808 107809 107810 107811 107812 107813 107814 107815
 107816 107817 107818 107819 107820 107821 107822 107823 107824 107825
 107826 107827 107828 107829 107830 107831 107832 107833 107834 107835
 107836 107837 107838 107839 107840 107841 107842 107843 107844 107845
 107846 107847 107848 107849 107850 107851 107852 107853 107854 107855
 107856 107857 107858 107859 107860 107861 107862 107863 107864 107865
 107866 107867 107868 107869 107870 107871 107872 107873 107874 107875
 107876 107877 107878 107879 107880 107881 107882 107883 107884 107885
 107886 107887 107888 107889 107890 107891 107892 107893 107894 107895
 107896 107897 107898 107899 107900 107901 107902 107903 107904 107905
 107906 107907 107908 107909 107910 107911 107912 107913 107914 107915
 107916 107917 107918 107919 107920 107921 107922 107923 107924 107925
 107926 107927 107928 107929 107930 107931 107932 107933 107934 107935
 107936 107937 107938 107939 107940 107941 107942 107943 107944 107945
 107946 107947 107948 107949 107950 107951 107952 107953 107954 107955
 107956 107957 107958 107959 107960 107961 107962 107963 107964 107965
 107966 107967 107968 107969 107970 107971 107972 107973 107974 107975
 107976 107977 107978 107979 107980 107981 107982 107983 107984 107985
 107986 107987 107988 107989 107990 107991 107992 107993 107994 107995
 107996 107997 107998 107999 108000 108001 108002 108003 108004 108005
 108006 108007 108008 108009 108010 108011 108012 108013 108014 108015
 108016 108017 108018 108019 108020 108021 108022 108023 108024 108025
 108026 108027 108028 108029 108030 108031 108032 108033 108034 108035
 108036 108037 108038 108039 108040 108041 108042 108043 108044 108045
 108046 108047 108048 108049 108050 108051 108052 108053 108054 108055
 108056 108057 108058 108059 108060 108061 108062 108063 108064 108065
 108066 108067 108068 108069 108070 108071 108072 108073 108074 108075
 108076 108077 108078 108079 108080 108081 108082 108083 108084 108085
 108086 108087 108088 108089 108090 108091 108092 108093 108094 108095
 108096 108097 108098 108099 108100 108101 108102 108103 108104 108105
 108106 108107 108108 108109 108110 108111 108112 108113 108114 108115
 108116 108117 108118 108119 108120 108121 108122 108123 108124 108125
 108126 108127 108128 108129 108130 108131 108132 108133 108134 108135
 108136 108137 108138 108139 108140 108141 108142 108143 108144 108145
 108146 108147 108148 108149 108150 108151 108152 108153 108154 108155
 108156 108157 108158 108159 108160 108161 108162 108163 108164 108165
 108166 108167 108168 108169 108170 108171 108172 108173 108174 108175
 108176 108177 108178 108179 108180 108181 108182 108183 108184 108185
 108186 108187 108188 108189 108190 108191 108192 108193 108194 108195
 108196 108197 108198 108199 108200 108201 108202 108203 108204 108205
 108206 108207 108208 108209 108210 108211 108212 108213 108214 108215
 108216 108217 108218 108219 108220 108221 108222 108223 108224 108225
 108226 108227 108228 108229 108230 108231 108232 108233 108234 108235
 108236 108237 108238 108239 108240 108241 108242 108243 108244 108245
 108246 108247 108248 108249 108250 108251 108252 108253 108254 108255
 108256 108257 108258 108259 108260 108261 108262 108263 108264 108265
 108266 108267 108268 108269 108270 108271 108272 108273 108274 108275
 108276 108277 108278 108279 108280 108281 108282 108283 108284 108285
 108286 108287 108288 108289 108290 108291 108292 108293 108294 108295
 108296 108297 108298 108299 108300 108301 108302 108303 108304 108305
 108306 108307 108308 108309 108310 108311 108312 108313 108314 108315
 108316 108317 108318 108319 108320 108321 108322 108323 108324 108325
 108326 108327 108328 108329 108330 108331 108332 108333 108334 108335
 108336 108337 108338 108339 108340 108341 108342 108343 108344 108345
 108346 108347 108348 108349 108350 108351 108352 108353 108354 108355
 108356 108357 108358 108359 108360 108361 108362 108363 108364 108365
 108366 108367 108368 108369 108370 108371 108372 108373 108374 108375
 108376 108377 108378 108379 108380 108381 108382 108383 108384 108385
 108386 108387 108388 108389 108390 108391 108392 108393 108394 108395
 108396 108397 108398 108399 108400 108401 108402 108403 108404 108405
 108406 108407 108408 108409 108410 108411 108412 108413 108414 108415
 108416 108417 108418 108419 108420 108421 108422 108423 108424 108425
 108426 108427 108428 108429 108430 108431 108432 108433 108434 108435
 108436 108437 108438 108439 108440 108441 108442 108443 108444 108445
 108446 108447 108448 108449 108450 108451 108452 108453 108454 108455
 108456 108457 108458 108459 108460 108461 108462 108463 108464 108465
 108466 108467 108468 108469 108470 108471 108472 108473 108474 108475
 108476 108477 108478 108479 108480 108481 108482 108483 108484 108485
 108486 108487 108488 108489 108490 108491 108492 108493 108494 108495
 108496 108497 108498 108499 108500 108501 108502 108503 108504 108505
 108506 108507 108508 108509 108510 108511 108512 108513 108514 108515
 108516 108517 108518 108519 108520 108521 108522 108523 108524 108525
 108526 108527 108528 108529 108530 108531 108532 108533 108534 108535
 108536 108537 108538 108539 108540 108541 108542 108543 108544 108545
 108546 108547 108548 108549 108550 108551 108552 108553 108554 108555
 108556 108557 108558 108559 108560 108561 108562 108563 108564 108565
 108566 108567 108568 108569 108570 108571 108572 108573 108574 108575
 108576 108577 108578 108579 108580 108581 108582 108583 108584 108585
 108586 108587 108588 108589 108590 108591 108592 108593 108594 108595
 108596 108597 108598 108599 108600 108601 108602 108603 108604 108605
 108606 108607 108608 108609 108610 108611 108612 108613 108614 108615
 108616 108617 108618 108619 108620 108621 108622 108623 108624 108625
 108626 108627 108628 108629 108630 108631 108632 108633 108634 108635
 108636 108637 108638 108639 108640 108641 108642 108643 108644 108645
 108646 108647 108648 108649 108650 108651 108652 108653 108654 108655
 108656 108657 108658 108659 108660 108661 108662 108663 108664 108665
 108666 108667 108668 108669 108670 108671 108672 108673 108674 108675
 108676 108677 108678 108679 108680 108681 108682 108683 108684 108685
 108686 108687 108688 108689 108690 108691 108692 108693 108694 108695
 108696 108697 108698 108699 108700 108701 108702 108703 108704 108705
 108706 108707 108708 108709 108710 108711 108712 108713 108714 108715
 108716 108717 108718 108719 108720 108721 108722 108723 108724 108725
 108726 108727 108728 108729 108730 108731 108732 108733 108734 108735
 108736 108737 108738 108739 108740 108741 108742 108743 108744 108745
 108746 108747 108748 108749 108750 108751 108752 108753 108754 108755
 108756 108757 108758 108759 108760 108761 108762 108763 108764 108765
 108766 108767 108768 108769 108770 108771 108772 108773 108774 108775
 108776 108777 108778 108779 108780 108781 108782 108783 108784 108785
 108786 108787 108788 108789 108790 108791 108792 108793 108794 108795
 108796 108797 108798 108799 108800 108801 108802 108803 108804 108805
 108806 108807 108808 108809 108810 108811 108812 108813 108814 108815
 108816 108817 108818 108819 108820 108821 108822 108823 108824 108825
 108826 108827 108828 108829 108830 108831 108832 108833 108834 108835
 108836 108837 108838 108839 108840 108841 108842 108843 108844 108845
 108846 108847 108848 108849 108850 108851 108852 108853 108854 108855
 108856 108857 108858 108859 108860 108861 108862 108863 108864 108865
 108866 108867 108868 108869 108870 108871 108872 108873 108874 108875
 108876 108877 108878 108879 108880 108881 108882 108883 108884 108885
 108886 108887 108888 108889 108890 108891 108892 108893 108894 108895
 108896 108897 108898 108899 108900 108901 108902 108903 108904 108905
 108906 108907 108908 108909 108910 108911 108912 108913 108914 108915
 108916 108917 108918 108919 108920 108921 108922 108923 108924 108925
 108926 108927 108928 108929 108930 108931 108932 108933 108934 108935
 108936 108937 108938 108939 108940 108941 108942 108943 108944 108945
 108946 108947 108948 108949 108950 108951 108952 108953 108954 108955
 108956 108957 108958 108959 108960 108961 108962 108963 108964 108965
 108966 108967 108968 108969 108970 108971 108972 108973 108974 108975
 108976 108977 108978 108979 108980 108981 108982 108983 108984 108985
 108986 108987 108988 108989 108990 108991 108992 108993 108994 108995
 108996 108997 108998 108999 109000 109001 109002 109003 109004 109005
 109006 109007 109008 109009 109010 109011 109012 109013 109014 109015
 109016 109017 109018 109019 109020 109021 109022 109023 109024 109025
 109026 109027 109028 109029 109030 109031 109032 109033 109034 109035
 109036 109037 109038 109039 109040 109041 109042 109043 109044 109045
 109046 109047 109048 109049 109050 109051 109052 109053 109054 109055
 109056 109057 109058 109059 109060 109061 109062 109063 109064 109065
 109066 109067 109068 109069 109070 109071 109072 109073 109074 109075
 109076 109077 109078 109079 109080 109081 109082 109083 109084 109085
 109086 109087 109088 109089 109090 109091 109092 109093 109094 109095
 109096 109097 109098 109099 109100 109101 109102 109103 109104 109105
 109106 109107 109108 109109 109110 109111 109112 109113 109114 109115
 109116 109117 109118 109119 109120 109121 109122 109123 109124 109125
 109126 109127 109128 109129 109130 109131 109132 109133 109134 109135
 109136 109137 109138 109139 109140 109141 109142 109143 109144 109145
 109146 109147 109148 109149 109150 109151 109152 109153 109154 109155
 109156 109157 109158 109159 109160 109161 109162 109163 109164 109165
 109166 109167 109168 109169 109170 109171 109172 109173 109174 109175
 109176 109177 109178 109179 109180 109181 109182 109183 109184 109185
 109186 109187 109188 109189 109190 109191 109192 109193 109194 109195
 109196 109197 109198 109199 109200 109201 109202 109203 109204 109205
 109206 109207 109208 109209 109210 109211 109212 109213 109214 109215
 109216 109217 109218 109219 109220 109221 109222 109223 109224 109225
 109226 109227 109228 109229 109230 109231 109232 109233 109234 109235
 109236 109237 109238 109239 109240 109241 109242 109243 109244 109245
 109246 109247 109248 109249 109250 109251 109252 109253 109254 109255
 109256 109257 109258 109259 109260 109261 109262 109263 109264 109265
 109266 109267 109268 109269 109270 109271 109272 109273 109274 109275
 109276 109277 109278 109279 109280 109281 109282 109283 109284 109285
 109286 109287 109288 109289 109290 109291 109292 109293 109294 109295
 109296 109297 109298 109299 109300 109301 109302 109303 109304 109305
 109306 109307 109308 109309 109310 109311 109312 109313 109314 109315
 109316 109317 109318 109319 109320 109321 109322 109323 109324 109325
 109326 109327 109328 109329 109330 109331 109332 109333 109334 109335
 109336 109337 109338 109339 109340 109341 109342 109343 109344 109345
 109346 109347 109348 109349 109350 109351 109352 109353 109354 109355
 109356 109357 109358 109359 109360 109361 109362 109363 109364 109365
 109366 109367 109368 109369 109370 109371 109372 109373 109374 109375
 109376 109377 109378 109379 109380 109381 109382 109383 109384 109385
 109386 109387 109388 109389 109390 109391 109392 109393 109394 109395
 109396 109397 109398 109399 109400 109401 109402 109403 109404 109405
 109406 109407 109408 109409 109410 109411 109412 109413 109414 109415
 109416 109417 109418 109419 109420 109421 109422 109423 109424 109425
 109426 109427 109428 109429 109430 109431 109432 109433 109434 109435
 109436 109437 109438 109439 109440 109441 109442 109443 109444 109445
 109446 109447 109448 109449 109450 109451 109452 109453 109454 109455
 109456 109457 109458 109459 109460 109461 109462 109463 109464 109465
 109466 109467 109468 109469 109470 109471 109472 109473 109474 109475
 109476 109477 109478 109479 109480 109481 109482 109483 109484 109485
 109486 109487 109488 109489 109490 109491 109492 109493 109494 109495
 109496 109497 109498 109499 109500 109501 109502 109503 109504 109505
 109506 109507 109508 109509 109510 109511 109512 109513 109514 109515
 109516 109517 109518 109519 109520 109521 109522 109523 109524 109525
 109526 109527 109528 109529 109530 109531 109532 109533 109534 109535
 109536 109537 109538 109539 109540 109541 109542 109543 109544 109545
 109546 109547 109548 109549 109550 109551 109552 109553 109554 109555
 109556 109557 109558 109559 109560 109561 109562 109563 109564 109565
 109566 109567 109568 109569 109570 109571 109572 109573 109574 109575
 109576 109577 109578 109579 109580 109581 109582 109583 109584 109585
 109586 109587 109588 109589 109590 109591 109592 109593 109594 109595
 109596 109597 109598 109599 109600 109601 109602 109603 109604 109605
 109606 109607 109608 109609 109610 109611 109612 109613 109614 109615
 109616 109617 109618 109619 109620 109621 109622 109623 109624 109625
 109626 109627 109628 109629 109630 109631 109632 109633 109634 109635
 109636 109637 109638 109639 109640 109641 109642 109643 109644 109645
 109646 109647 109648 109649 109650 109651 109652 109653 109654 109655
 109656 109657 109658 109659 109660 109661 109662 109663 109664 109665
 109666 109667 109668 109669 109670 109671 109672 109673 109674 109675
 109676 109677 109678 109679 109680 109681 109682 109683 109684 109685
 109686 109687 109688 109689 109690 109691 109692 109693 109694 109695
 109696 109697 109698 109699 109700 109701 109702 109703 109704 109705
 109706 109707 109708 109709 109710 109711 109712 109713 109714 109715
 109716 109717 109718 109719 109720 109721 109722 109723 109724 109725
 109726 109727 109728 109729 109730 109731 109732 109733 109734 109735
 109736 109737 109738 109739 109740 109741 109742 109743 109744 109745
 109746 109747 109748 109749 109750 109751 109752 109753 109754 109755
 109756 109757 109758 109759 109760 109761 109762 109763 109764 109765
 109766 109767 109768 109769 109770 109771 109772 109773 109774 109775
 109776 109777 109778 109779 109780 109781 109782 109783 109784 109785
 109786 109787 109788 109789 109790 109791 109792 109793 109794 109795
 109796 109797 109798 109799 109800 109801 109802 109803 109804 109805
 109806 109807 109808 109809 109810 109811 109812 109813 109814 109815
 109816 109817 109818 109819 109820 109821 109822 109823 109824 109825
 109826 109827 109828 109829 109830 109831 109832 109833 109834 109835
 109836 109837 109838 109839 109840 109841 109842 109843 109844 109845
 109846 109847 109848 109849 109850 109851 109852 109853 109854 109855
 109856 109857 109858 109859 109860 109861 109862 109863 109864 109865
 109866 109867 109868 109869 109870 109871 109872 109873 109874 109875
 109876 109877 109878 109879 109880 109881 109882 109883 109884 109885
 109886 109887 109888 109889 109890 109891 109892 109893 109894 109895
 109896 109897 109898 109899 109900 109901 109902 109903 109904 109905
 109906 109907 109908 109909 109910 109911 109912 109913 109914 109915
 109916 109917 109918 109919 109920 109921 109922 109923 109924 109925
 109926 109927 109928 109929 109930 109931 109932 109933 109934 109935
 109936 109937 109938 109939 109940 109941 109942 109943 109944 109945
 109946 109947 109948 109949 109950 109951 109952 109953 109954 109955
 109956 109957 109958 109959 109960 109961 109962 109963 109964 109965
 109966 109967 109968 109969 109970 109971 109972 109973 109974 109975
 109976 109977 109978 109979 109980 109981 109982 109983 109984 109985
 109986 109987 109988 109989 109990 109991 109992 109993 109994 109995
 109996 109997 109998 109999 110000 110001 110002 110003 110004 110005
 110006 110007 110008 110009 110010 110011 110012 110013 110014 110015
 110016 110017 110018 110019 110020 110021 110022 110023 110024 110025
 110026 110027 110028 110029 110030 110031 110032 110033 110034 110035
 110036 110037 110038 110039 110040 110041 110042 110043 110044 110045
 110046 110047 110048 110049 110050 110051 110052 110053 110054 110055
 110056 110057 110058 110059 110060 110061 110062 110063 110064 110065
 110066 110067 110068 110069 110070 110071 110072 110073 110074 110075
 110076 110077 110078 110079 110080 110081 110082 110083 110084 110085
 110086 110087 110088 110089 110090 110091 110092 110093 110094 110095
 110096 110097 110098 110099 110100 110101 110102 110103 110104 110105
 110106 110107 110108 110109 110110 110111 110112 110113 110114 110115
 110116 110117 110118 110119 110120 110121 110122 110123 110124 110125
 110126 110127 110128 110129 110130 110131 110132 110133 110134 110135
 110136 110137 110138 110139 110140 110141 110142 110143 110144 110145
 110146 110147 110148 110149 110150 110151 110152 110153 110154 110155
 110156 110157 110158 110159 110160 110161 110162 110163 110164 110165
 110166 110167 110168 110169 110170 110171 110172 110173 110174 110175
 110176 110177 110178 110179 110180 110181 110182 110183 110184 110185
 110186 110187 110188 110189 110190 110191 110192 110193 110194 110195
 110196 110197 110198 110199 110200 110201 110202 110203 110204 110205
 110206 110207 110208 110209 110210 110211 110212 110213 110214 110215
 110216 110217 110218 110219 110220 110221 110222 110223 110224 110225
 110226 110227 110228 110229 110230 110231 110232 110233 110234 110235
 110236 110237 110238 110239 110240 110241 110242 110243 110244 110245
 110246 110247 110248 110249 110250 110251 110252 110253 110254 110255
 110256 110257 110258 110259 110260 110261 110262 110263 110264 110265
 110266 110267 110268 110269 110270 110271 110272 110273 110274 110275
 110276 110277 110278 110279 110280 110281 110282 110283 110284 110285
 110286 110287 110288 110289 110290 110291 110292 110293 110294 110295
 110296 110297 110298 110299 110300 110301 110302 110303 110304 110305
 110306 110307 110308 110309 110310 110311 110312 110313 110314 110315
 110316 110317 110318 110319 110320 110321 110322 110323 110324 110325
 110326 110327 110328 110329 110330 110331 110332 110333 110334 110335
 110336 110337 110338 110339 110340 110341 110342 110343 110344 110345
 110346 110347 110348 110349 110350 110351 110352 110353 110354 110355
 110356 110357 110358 110359 110360 110361 110362 110363 110364 110365
 110366 110367 110368 110369 110370 110371 110372 110373 110374 110375
 110376 110377 110378 110379 110380 110381 110382 110383 110384 110385
 110386 110387 110388 110389 110390 110391 110392 110393 110394 110395
 110396 110397 110398 110399 110400 110401 110402 110403 110404 110405
 110406 110407 110408 110409 110410 110411 110412 110413 110414 110415
 110416 110417 110418 110419 110420 110421 110422 110423 110424 110425
 110426 110427 110428 110429 110430 110431 110432 110433 110434 110435
 110436 110437 110438 110439 110440 110441 110442 110443 110444 110445
 110446 110447 110448 110449 110450 110451 110452 110453 110454 110455
 110456 110457 110458 110459 110460 110461 110462 110463 110464 110465
 110466 110467 110468 110469 110470 110471 110472 110473 110474 110475
 110476 110477 110478 110479 110480 110481 110482 110483 110484 110485
 110486 110487 110488 110489 110490 110491 110492 110493 110494 110495
 110496 110497 110498 110499 110500 110501 110502 110503 110504 110505
 110506 110507 110508 110509 110510 110511 110512 110513 110514 110515
 110516 110517 110518 110519 110520 110521 110522 110523 110524 110525
 110526 110527 110528 110529 110530 110531 110532 110533 110534 110535
 110536 110537 110538 110539 110540 110541 110542 110543 110544 110545
 110546 110547 110548 110549 110550 110551 110552 110553 110554 110555
 110556 110557 110558 110559 110560 110561 110562 110563 110564 110565
 110566 110567 110568 110569 110570 110571 110572 110573 110574 110575
 110576 110577 110578 110579 110580 110581 110582 110583 110584 110585
 110586 110587 110588 110589 110590 110591 110592 110593 110594 110595
 110596 110597 110598 110599 110600 110601 110602 110603 110604 110605
 110606 110607 110608 110609 110610 110611 110612 110613 110614 110615
 110616 110617 110618 110619 110620 110621 110622 110623 110624 110625
 110626 110627 110628 110629 110630 110631 110632 110633 110634 110635
 110636 110637 110638 110639 110640 110641 110642 110643 110644 110645
 110646 110647 110648 110649 110650 110651 110652 110653 110654 110655
 110656 110657 110658 110659 110660 110661 110662 110663 110664 110665
 110666 110667 110668 110669 110670 110671 110672 110673 110674 110675
 110676 110677 110678 110679 110680 110681 110682 110683 110684 110685
 110686 110687 110688 110689 110690 110691 110692 110693 110694 110695
 110696 110697 110698 110699 110700 110701 110702 110703 110704 110705
 110706 110707 110708 110709 110710 110711 110712 110713 110714 110715
 110716 110717 110718 110719 110720 110721 110722 110723 110724 110725
 110726 110727 110728 110729 110730 110731 110732 110733 110734 110735
 110736 110737 110738 110739 110740 110741 110742 110743 110744 110745
 110746 110747 110748 110749 110750 110751 110752 110753 110754 110755
 110756 110757 110758 110759 110760 110761 110762 110763 110764 110765
 110766 110767 110768 110769 110770 110771 110772 110773 110774 110775
 110776 110777 110778 110779 110780 110781 110782 110783 110784 110785
 110786 110787 110788 110789 110790 110791 110792 110793 110794 110795
 110796 110797 110798 110799 110800 110801 110802 110803 110804 110805
 110806 110807 110808 110809 110810 110811 110812 110813 110814 110815
 110816 110817 110818 110819 110820 110821 110822 110823 110824 110825
 110826 110827 110828 110829 110830 110831 110832 110833 110834 110835
 110836 110837 110838 110839 110840 110841 110842 110843 110844 110845
 110846 110847 110848 110849 110850 110851 110852 110853 110854 110855
 110856 110857 110858 110859 110860 110861 110862 110863 110864 110865
 110866 110867 110868 110869 110870 110871 110872 110873 110874 110875
 110876 110877 110878 110879 110880 110881 110882 110883 110884 110885
 110886 110887 110888 110889 110890 110891 110892 110893 110894 110895
 110896 110897 110898 110899 110900 110901 110902 110903 110904 110905
 110906 110907 110908 110909 110910 110911 110912 110913 110914 110915
 110916 110917 110918 110919 110920 110921 110922 110923 110924 110925
 110926 110927 110928 110929 110930 110931 110932 110933 110934 110935
 110936 110937 110938 110939 110940 110941 110942 110943 110944 110945
 110946 110947 110948 110949 110950 110951 110952 110953 110954 110955
 110956 110957 110958 110959 110960 110961 110962 110963 110964 110965
 110966 110967 110968 110969 110970 110971 110972 110973 110974 110975
 110976 110977 110978 110979 110980 110981 110982 110983 110984 110985
 110986 110987 110988 110989 110990 110991 110992 110993 110994 110995
 110996 110997 110998 110999 111000 111001 111002 111003 111004 111005
 111006 111007 111008 111009 111010 111011 111012 111013 111014 111015
 111016 111017 111018 111019 111020 111021 111022 111023 111024 111025
 111026 111027 111028 111029 111030 111031 111032 111033 111034 111035
 111036 111037 111038 111039 111040 111041 111042 111043 111044 111045
 111046 111047 111048 111049 111050 111051 111052 111053 111054 111055
 111056 111057 111058 111059 111060 111061 111062 111063 111064 111065
 111066 111067 111068 111069 111070 111071 111072 111073 111074 111075
 111076 111077 111078 111079 111080 111081 111082 111083 111084 111085
 111086 111087 111088 111089 111090 111091 111092 111093 111094 111095
 111096 111097 111098 111099 111100 111101 111102 111103 111104 111105
 111106 111107 111108 111109 111110 111111 111112 111113 111114 111115
 111116 111117 111118 111119 111120 111121 111122 111123 111124 111125
 111126 111127 111128 111129 111130 111131 111132 111133 111134 111135
 111136 111137 111138 111139 111140 111141 111142 111143 111144 111145
 111146 111147 111148 111149 111150 111151 111152 111153 111154 111155
 111156 111157 111158 111159 111160 111161 111162 111163 111164 111165
 111166 111167 111168 111169 111170 111171 111172 111173 111174 111175
 111176 111177 111178 111179 111180 111181 111182 111183 111184 111185
 111186 111187 111188 111189 111190 111191 111192 111193 111194 111195
 111196 111197 111198 111199 111200 111201 111202 111203 111204 111205
 111206 111207 111208 111209 111210 111211 111212 111213 111214 111215
 111216 111217 111218 111219 111220 111221 111222 111223 111224 111225
 111226 111227 111228 111229 111230 111231 111232 111233 111234 111235
 111236 111237 111238 111239 111240 111241 111242 111243 111244 111245
 111246 111247 111248 111249 111250 111251 111252 111253 111254 111255
 111256 111257 111258 111259 111260 111261 111262 111263 111264 111265
 111266 111267 111268 111269 111270 111271 111272 111273 111274 111275
 111276 111277 111278 111279 111280 111281 111282 111283 111284 111285
 111286 111287 111288 111289 111290 111291 111292 111293 111294 111295
 111296 111297 111298 111299 111300 111301 111302 111303 111304 111305
 111306 111307 111308 111309 111310 111311 111312 111313 111314 111315
 111316 111317 111318 111319 111320 111321 111322 111323 111324 111325
 111326 111327 111328 111329 111330 111331 111332 111333 111334 111335
 111336 111337 111338 111339 111340 111341 111342 111343 111344 111345
 111346 111347 111348 111349 111350 111351 111352 111353 111354 111355
 111356 111357 111358 111359 111360 111361 111362 111363 111364 111365
 111366 111367 111368 111369 111370 111371 111372 111373 111374 111375
 111376 111377 111378 111379 111380 111381 111382 111383 111384 111385
 111386 111387 111388 111389 111390 111391 111392 111393 111394 111395
 111396 111397 111398 111399 111400 111401 111402 111403 111404 111405
 111406 111407 111408 111409 111410 111411 111412 111413 111414 111415
 111416 111417 111418 111419 111420 111421 111422 111423 111424 111425
 111426 111427 111428 111429 111430 111431 111432 111433 111434 111435
 111436 111437 111438 111439 111440 111441 111442 111443 111444 111445
 111446 111447 111448 111449 111450 111451 111452 111453 111454 111455
 111456 111457 111458 111459 111460 111461 111462 111463 111464 111465
 111466 111467 111468 111469 111470 111471 111472 111473 111474 111475
 111476 111477 111478 111479 111480 111481 111482 111483 111484 111485
 111486 111487 111488 111489 111490 111491 111492 111493 111494 111495
 111496 111497 111498 111499 111500 111501 111502 111503 111504 111505
 111506 111507 111508 111509 111510 111511 111512 111513 111514 111515
 111516 111517 111518 111519 111520 111521 111522 111523 111524 111525
 111526 111527 111528 111529 111530 111531 111532 111533 111534 111535
 111536 111537 111538 111539 111540 111541 111542 111543 111544 111545
 111546 111547 111548 111549 111550 111551 111552 111553 111554 111555
 111556 111557 111558 111559 111560 111561 111562 111563 111564 111565
 111566 111567 111568 111569 111570 111571 111572 111573 111574 111575
 111576 111577 111578 111579 111580 111581 111582 111583 111584 111585
 111586 111587 111588 111589 111590 111591 111592 111593 111594 111595
 111596 111597 111598 111599 111600 111601 111602 111603 111604 111605
 111606 111607 111608 111609 111610 111611 111612 111613 111614 111615
 111616 111617 111618 111619 111620 111621 111622 111623 111624 111625
 111626 111627 111628 111629 111630 111631 111632 111633 111634 111635
 111636 111637 111638 111639 111640 111641 111642 111643 111644 111645
 111646 111647 111648 111649 111650 111651 111652 111653 111654 111655
 111656 111657 111658 111659 111660 111661 111662 111663 111664 111665
 111666 111667 111668 111669 111670 111671 111672 111673 111674 111675
 111676 111677 111678 111679 111680 111681 111682 111683 111684 111685
 111686 111687 111688 111689 111690 111691 111692 111693 111694 111695
 111696 111697 111698 111699 111700 111701 111702 111703 111704 111705
 111706 111707 111708 111709 111710 111711 111712 111713 111714 111715
 111716 111717 111718 111719 111720 111721 111722 111723 111724 111725
 111726 111727 111728 111729 111730 111731 111732 111733 111734 111735
 111736 111737 111738 111739 111740 111741 111742 111743 111744 111745
 111746 111747 111748 111749 111750 111751 111752 111753 111754 111755
 111756 111757 111758 111759 111760 111761 111762 111763 111764 111765
 111766 111767 111768 111769 111770 111771 111772 111773 111774 111775
 111776 111777 111778 111779 111780 111781 111782 111783 111784 111785
 111786 111787 111788 111789 111790 111791 111792 111793 111794 111795
 111796 111797 111798 111799 111800 111801 111802 111803 111804 111805
 111806 111807 111808 111809 111810 111811 111812 111813 111814 111815
 111816 111817 111818 111819 111820 111821 111822 111823 111824 111825
 111826 111827 111828 111829 111830 111831 111832 111833 111834 111835
 111836 111837 111838 111839 111840 111841 111842 111843 111844 111845
 111846 111847 111848 111849 111850 111851 111852 111853 111854 111855
 111856 111857 111858 111859 111860 111861 111862 111863 111864 111865
 111866 111867 111868 111869 111870 111871 111872 111873 111874 111875
 111876 111877 111878 111879 111880 111881 111882 111883 111884 111885
 111886 111887 111888 111889 111890 111891 111892 111893 111894 111895
 111896 111897 111898 111899 111900 111901 111902 111903 111904 111905
 111906 111907 111908 111909 111910 111911 111912 111913 111914 111915
 111916 111917 111918 111919 111920 111921 111922 111923 111924 111925
 111926 111927 111928 111929 111930 111931 111932 111933 111934 111935
 111936 111937 111938 111939 111940 111941 111942 111943 111944 111945
 111946 111947 111948 111949 111950 111951 111952 111953 111954 111955
 111956 111957 111958 111959 111960 111961 111962 111963 111964 111965
 111966 111967 111968 111969 111970 111971 111972 111973 111974 111975
 111976 111977 111978 111979 111980 111981 111982 111983 111984 111985
 111986 111987 111988 111989 111990 111991 111992 111993 111994 111995
 111996 111997 111998 111999 112000 112001 112002 112003 112004 112005
 112006 112007 112008 112009 112010 112011 112012 112013 112014 112015
 112016 112017 112018 112019 112020 112021 112022 112023 112024 112025
 112026 112027 112028 112029 112030 112031 112032 112033 112034 112035
 112036 112037 112038 112039 112040 112041 112042 112043 112044 112045
 112046 112047 112048 112049 112050 112051 112052 112053 112054 112055
 112056 112057 112058 112059 112060 112061 112062 112063 112064 112065
 112066 112067 112068 112069 112070 112071 112072 112073 112074 112075
 112076 112077 112078 112079 112080 112081 112082 112083 112084 112085
 112086 112087 112088 112089 112090 112091 112092 112093 112094 112095
 112096 112097 112098 112099 112100 112101 112102 112103 112104 112105
 112106 112107 112108 112109 112110 112111 112112 112113 112114 112115
 112116 112117 112118 112119 112120 112121 112122 112123 112124 112125
 112126 112127 112128 112129 112130 112131 112132 112133 112134 112135
 112136 112137 112138 112139 112140 112141 112142 112143 112144 112145
 112146 112147 112148 112149 112150 112151 112152 112153 112154 112155
 112156 112157 112158 112159 112160 112161 112162 112163 112164 112165
 112166 112167 112168 112169 112170 112171 112172 112173 112174 112175
 112176 112177 112178 112179 112180 112181 112182 112183 112184 112185
 112186 112187 112188 112189 112190 112191 112192 112193 112194 112195
 112196 112197 112198 112199 112200 112201 112202 112203 112204 112205
 112206 112207 112208 112209 112210 112211 112212 112213 112214 112215
 112216 112217 112218 112219 112220 112221 112222 112223 112224 112225
 112226 112227 112228 112229 112230 112231 112232 112233 112234 112235
 112236 112237 112238 112239 112240 112241 112242 112243 112244 112245
 112246 112247 112248 112249 112250 112251 112252 112253 112254 112255
 112256 112257 112258 112259 112260 112261 112262 112263 112264 112265
 112266 112267 112268 112269 112270 112271 112272 112273 112274 112275
 112276 112277 112278 112279 112280 112281 112282 112283 112284 112285
 112286 112287 112288 112289 112290 112291 112292 112293 112294 112295
 112296 112297 112298 112299 112300 112301 112302 112303 112304 112305
 112306 112307 112308 112309 112310 112311 112312 112313 112314 112315
 112316 112317 112318 112319 112320 112321 112322 112323 112324 112325
 112326 112327 112328 112329 112330 112331 112332 112333 112334 112335
 112336 112337 112338 112339 112340 112341 112342 112343 112344 112345
 112346 112347 112348 112349 112350 112351 112352 112353 112354 112355
 112356 112357 112358 112359 112360 112361 112362 112363 112364 112365
 112366 112367 112368 112369 112370 112371 112372 112373 112374 112375
 112376 112377 112378 112379 112380 112381 112382 112383 112384 112385
 112386 112387 112388 112389 112390 112391 112392 112393 112394 112395
 112396 112397 112398 112399 112400 112401 112402 112403 112404 112405
 112406 112407 112408 112409 112410 112411 112412 112413 112414 112415
 112416 112417 112418 112419 112420 112421 112422 112423 112424 112425
 112426 112427 112428 112429 112430 112431 112432 112433 112434 112435
 112436 112437 112438 112439 112440 112441 112442 112443 112444 112445
 112446 112447 112448 112449 112450 112451 112452 112453 112454 112455
 112456 112457 112458 112459 112460 112461 112462 112463 112464 112465
 112466 112467 112468 112469 112470 112471 112472 112473 112474 112475
 112476 112477 112478 112479 112480 112481 112482 112483 112484 112485
 112486 112487 112488 112489 112490 112491 112492 112493 112494 112495
 112496 112497 112498 112499 112500 112501 112502 112503 112504 112505
 112506 112507 112508 112509 112510 112511 112512 112513 112514 112515
 112516 112517 112518 112519 112520 112521 112522 112523 112524 112525
 112526 112527 112528 112529 112530 112531 112532 112533 112534 112535
 112536 112537 112538 112539 112540 112541 112542 112543 112544 112545
 112546 112547 112548 112549 112550 112551 112552 112553 112554 112555
 112556 112557 112558 112559 112560 112561 112562 112563 112564 112565
 112566 112567 112568 112569 112570 112571 112572 112573 112574 112575
 112576 112577 112578 112579 112580 112581 112582 112583 112584 112585
 112586 112587 112588 112589 112590 112591 112592 112593 112594 112595
 112596 112597 112598 112599 112600 112601 112602 112603 112604 112605
 112606 112607 112608 112609 112610 112611 112612 112613 112614 112615
 112616 112617 112618 112619 112620 112621 112622 112623 112624 112625
 112626 112627 112628 112629 112630 112631 112632 112633 112634 112635
 112636 112637 112638 112639 112640 112641 112642 112643 112644 112645
 112646 112647 112648 112649 112650 112651 112652 112653 112654 112655
 112656 112657 112658 112659 112660 112661 112662 112663 112664 112665
 112666 112667 112668 112669 112670 112671 112672 112673 112674 112675
 112676 112677 112678 112679 112680 112681 112682 112683 112684 112685
 112686 112687 112688 112689 112690 112691 112692 112693 112694 112695
 112696 112697 112698 112699 112700 112701 112702 112703 112704 112705
 112706 112707 112708 112709 112710 112711 112712 112713 112714 112715
 112716 112717 112718 112719 112720 112721 112722 112723 112724 112725
 112726 112727 112728 112729 112730 112731 112732 112733 112734 112735
 112736 112737 112738 112739 112740 112741 112742 112743 112744 112745
 112746 112747 112748 112749 112750 112751 112752 112753 112754 112755
 112756 112757 112758 112759 112760 112761 112762 112763 112764 112765
 112766 112767 112768 112769 112770 112771 112772 112773 112774 112775
 112776 112777 112778 112779 112780 112781 112782 112783 112784 112785
 112786 112787 112788 112789 112790 112791 112792 112793 112794 112795
 112796 112797 112798 112799 112800 112801 112802 112803 112804 112805
 112806 112807 112808 112809 112810 112811 112812 112813 112814 112815
 112816 112817 112818 112819 112820 112821 112822 112823 112824 112825
 112826 112827 112828 112829 112830 112831 112832 112833 112834 112835
 112836 112837 112838 112839 112840 112841 112842 112843 112844 112845
 112846 112847 112848 112849 112850 112851 112852 112853 112854 112855
 112856 112857 112858 112859 112860 112861 112862 112863 112864 112865
 112866 112867 112868 112869 112870 112871 112872 112873 112874 112875
 112876 112877 112878 112879 112880 112881 112882 112883 112884 112885
 112886 112887 112888 112889 112890 112891 112892 112893 112894 112895
 112896 112897 112898 112899 112900 112901 112902 112903 112904 112905
 112906 112907 112908 112909 112910 112911 112912 112913 112914 112915
 112916 112917 112918 112919 112920 112921 112922 112923 112924 112925
 112926 112927 112928 112929 112930 112931 112932 112933 112934 112935
 112936 112937 112938 112939 112940 112941 112942 112943 112944 112945
 112946 112947 112948 112949 112950 112951 112952 112953 112954 112955
 112956 112957 112958 112959 112960 112961 112962 112963 112964 112965
 112966 112967 112968 112969 112970 112971 112972 112973 112974 112975
 112976 112977 112978 112979 112980 112981 112982 112983 112984 112985
 112986 112987 112988 112989 112990 112991 112992 112993 112994 112995
 112996 112997 112998 112999 113000 113001 113002 113003 113004 113005
 113006 113007 113008 113009 113010 113011 113012 113013 113014 113015
 113016 113017 113018 113019 113020 113021 113022 113023 113024 113025
 113026 113027 113028 113029 113030 113031 113032 113033 113034 113035
 113036 113037 113038 113039 113040 113041 113042 113043 113044 113045
 113046 113047 113048 113049 113050 113051 113052 113053 113054 113055
 113056 113057 113058 113059 113060 113061 113062 113063 113064 113065
 113066 113067 113068 113069 113070 113071 113072 113073 113074 113075
 113076 113077 113078 113079 113080 113081 113082 113083 113084 113085
 113086 113087 113088 113089 113090 113091 113092 113093 113094 113095
 113096 113097 113098 113099 113100 113101 113102 113103 113104 113105
 113106 113107 113108 113109 113110 113111 113112 113113 113114 113115
 113116 113117 113118 113119 113120 113121 113122 113123 113124 113125
 113126 113127 113128 113129 113130 113131 113132 113133 113134 113135
 113136 113137 113138 113139 113140 113141 113142 113143 113144 113145
 113146 113147 113148 113149 113150 113151 113152 113153 113154 113155
 113156 113157 113158 113159 113160 113161 113162 113163 113164 113165
 113166 113167 113168 113169 113170 113171 113172 113173 113174 113175
 113176 113177 113178 113179 113180 113181 113182 113183 113184 113185
 113186 113187 113188 113189 113190 113191 113192 113193 113194 113195
 113196 113197 113198 113199 113200 113201 113202 113203 113204 113205
 113206 113207 113208 113209 113210 113211 113212 113213 113214 113215
 113216 113217 113218 113219 113220 113221 113222 113223 113224 113225
 113226 113227 113228 113229 113230 113231 113232 113233 113234 113235
 113236 113237 113238 113239 113240 113241 113242 113243 113244 113245
 113246 113247 113248 113249 113250 113251 113252 113253 113254 113255
 113256 113257 113258 113259 113260 113261 113262 113263 113264 113265
 113266 113267 113268 113269 113270 113271 113272 113273 113274 113275
 113276 113277 113278 113279 113280 113281 113282 113283 113284 113285
 113286 113287 113288 113289 113290 113291 113292 113293 113294 113295
 113296 113297 113298 113299 113300 113301 113302 113303 113304 113305
 113306 113307 113308 113309 113310 113311 113312 113313 113314 113315
 113316 113317 113318 113319 113320 113321 113322 113323 113324 113325
 113326 113327 113328 113329 113330 113331 113332 113333 113334 113335
 113336 113337 113338 113339 113340 113341 113342 113343 113344 113345
 113346 113347 113348 113349 113350 113351 113352 113353 113354 113355
 113356 113357 113358 113359 113360 113361 113362 113363 113364 113365
 113366 113367 113368 113369 113370 113371 113372 113373 113374 113375
 113376 113377 113378 113379 113380 113381 113382 113383 113384 113385
 113386 113387 113388 113389 113390 113391 113392 113393 113394 113395
 113396 113397 113398 113399 113400 113401 113402 113403 113404 113405
 113406 113407 113408 113409 113410 113411 113412 113413 113414 113415
 113416 113417 113418 113419 113420 113421 113422 113423 113424 113425
 113426 113427 113428 113429 113430 113431 113432 113433 113434 113435
 113436 113437 113438 113439 113440 113441 113442 113443 113444 113445
 113446 113447 113448 113449 113450 113451 113452 113453 113454 113455
 113456 113457 113458 113459 113460 113461 113462 113463 113464 113465
 113466 113467 113468 113469 113470 113471 113472 113473 113474 113475
 113476 113477 113478 113479 113480 113481 113482 113483 113484 113485
 113486 113487 113488 113489 113490 113491 113492 113493 113494 113495
 113496 113497 113498 113499 113500 113501 113502 113503 113504 113505
 113506 113507 113508 113509 113510 113511 113512 113513 113514 113515
 113516 113517 113518 113519 113520 113521 113522 113523 113524 113525
 113526 113527 113528 113529 113530 113531 113532 113533 113534 113535
 113536 113537 113538 113539 113540 113541 113542 113543 113544 113545
 113546 113547 113548 113549 113550 113551 113552 113553 113554 113555
 113556 113557 113558 113559 113560 113561 113562 113563 113564 113565
 113566 113567 113568 113569 113570 113571 113572 113573 113574 113575
 113576 113577 113578 113579 113580 113581 113582 113583 113584 113585
 113586 113587 113588 113589 113590 113591 113592 113593 113594 113595
 113596 113597 113598 113599 113600 113601 113602 113603 113604 113605
 113606 113607 113608 113609 113610 113611 113612 113613 113614 113615
 113616 113617 113618 113619 113620 113621 113622 113623 113624 113625
 113626 113627 113628 113629 113630 113631 113632 113633 113634 113635
 113636 113637 113638 113639 113640 113641 113642 113643 113644 113645
 113646 113647 113648 113649 113650 113651 113652 113653 113654 113655
 113656 113657 113658 113659 113660 113661 113662 113663 113664 113665
 113666 113667 113668 113669 113670 113671 113672 113673 113674 113675
 113676 113677 113678 113679 113680 113681 113682 113683 113684 113685
 113686 113687 113688 113689 113690 113691 113692 113693 113694 113695
 113696 113697 113698 113699 113700 113701 113702 113703 113704 113705
 113706 113707 113708 113709 113710 113711 113712 113713 113714 113715
 113716 113717 113718 113719 113720 113721 113722 113723 113724 113725
 113726 113727 113728 113729 113730 113731 113732 113733 113734 113735
 113736 113737 113738 113739 113740 113741 113742 113743 113744 113745
 113746 113747 113748 113749 113750 113751 113752 113753 113754 113755
 113756 113757 113758 113759 113760 113761 113762 113763 113764 113765
 113766 113767 113768 113769 113770 113771 113772 113773 113774 113775
 113776 113777 113778 113779 113780 113781 113782 113783 113784 113785
 113786 113787 113788 113789 113790 113791 113792 113793 113794 113795
 113796 113797 113798 113799 113800 113801 113802 113803 113804 113805
 113806 113807 113808 113809 113810 113811 113812 113813 113814 113815
 113816 113817 113818 113819 113820 113821 113822 113823 113824 113825
 113826 113827 113828 113829 113830 113831 113832 113833 113834 113835
 113836 113837 113838 113839 113840 113841 113842 113843 113844 113845
 113846 113847 113848 113849 113850 113851 113852 113853 113854 113855
 113856 113857 113858 113859 113860 113861 113862 113863 113864 113865
 113866 113867 113868 113869 113870 113871 113872 113873 113874 113875
 113876 113877 113878 113879 113880 113881 113882 113883 113884 113885
 113886 113887 113888 113889 113890 113891 113892 113893 113894 113895
 113896 113897 113898 113899 113900 113901 113902 113903 113904 113905
 113906 113907 113908 113909 113910 113911 113912 113913 113914 113915
 113916 113917 113918 113919 113920 113921 113922 113923 113924 113925
 113926 113927 113928 113929 113930 113931 113932 113933 113934 113935
 113936 113937 113938 113939 113940 113941 113942 113943 113944 113945
 113946 113947 113948 113949 113950 113951 113952 113953 113954 113955
 113956 113957 113958 113959 113960 113961 113962 113963 113964 113965
 113966 113967 113968 113969 113970 113971 113972 113973 113974 113975
 113976 113977 113978 113979 113980 113981 113982 113983 113984 113985
 113986 113987 113988 113989 113990 113991 113992 113993 113994 113995
 113996 113997 113998 113999 114000 114001 114002 114003 114004 114005
 114006 114007 114008 114009 114010 114011 114012 114013 114014 114015
 114016 114017 114018 114019 114020 114021 114022 114023 114024 114025
 114026 114027 114028 114029 114030 114031 114032 114033 114034 114035
 114036 114037 114038 114039 114040 114041 114042 114043 114044 114045
 114046 114047 114048 114049 114050 114051 114052 114053 114054 114055
 114056 114057 114058 114059 114060 114061 114062 114063 114064 114065
 114066 114067 114068 114069 114070 114071 114072 114073 114074 114075
 114076 114077 114078 114079 114080 114081 114082 114083 114084 114085
 114086 114087 114088 114089 114090 114091 114092 114093 114094 114095
 114096 114097 114098 114099 114100 114101 114102 114103 114104 114105
 114106 114107 114108 114109 114110 114111 114112 114113 114114 114115
 114116 114117 114118 114119 114120 114121 114122 114123 114124 114125
 114126 114127 114128 114129 114130 114131 114132 114133 114134 114135
 114136 114137 114138 114139 114140 114141 114142 114143 114144 114145
 114146 114147 114148 114149 114150 114151 114152 114153 114154 114155
 114156 114157 114158 114159 114160 114161 114162 114163 114164 114165
 114166 114167 114168 114169 114170 114171 114172 114173 114174 114175
 114176 114177 114178 114179 114180 114181 114182 114183 114184 114185
 114186 114187 114188 114189 114190 114191 114192 114193 114194 114195
 114196 114197 114198 114199 114200 114201 114202 114203 114204 114205
 114206 114207 114208 114209 114210 114211 114212 114213 114214 114215
 114216 114217 114218 114219 114220 114221 114222 114223 114224 114225
 114226 114227 114228 114229 114230 114231 114232 114233 114234 114235
 114236 114237 114238 114239 114240 114241 114242 114243 114244 114245
 114246 114247 114248 114249 114250 114251 114252 114253 114254 114255
 114256 114257 114258 114259 114260 114261 114262 114263 114264 114265
 114266 114267 114268 114269 114270 114271 114272 114273 114274 114275
 114276 114277 114278 114279 114280 114281 114282 114283 114284 114285
 114286 114287 114288 114289 114290 114291 114292 114293 114294 114295
 114296 114297 114298 114299 114300 114301 114302 114303 114304 114305
 114306 114307 114308 114309 114310 114311 114312 114313 114314 114315
 114316 114317 114318 114319 114320 114321 114322 114323 114324 114325
 114326 114327 114328 114329 114330 114331 114332 114333 114334 114335
 114336 114337 114338 114339 114340 114341 114342 114343 114344 114345
 114346 114347 114348 114349 114350 114351 114352 114353 114354 114355
 114356 114357 114358 114359 114360 114361 114362 114363 114364 114365
 114366 114367 114368 114369 114370 114371 114372 114373 114374 114375
 114376 114377 114378 114379 114380 114381 114382 114383 114384 114385
 114386 114387 114388 114389 114390 114391 114392 114393 114394 114395
 114396 114397 114398 114399 114400 114401 114402 114403 114404 114405
 114406 114407 114408 114409 114410 114411 114412 114413 114414 114415
 114416 114417 114418 114419 114420 114421 114422 114423 114424 114425
 114426 114427 114428 114429 114430 114431 114432 114433 114434 114435
 114436 114437 114438 114439 114440 114441 114442 114443 114444 114445
 114446 114447 114448 114449 114450 114451 114452 114453 114454 114455
 114456 114457 114458 114459 114460 114461 114462 114463 114464 114465
 114466 114467 114468 114469 114470 114471 114472 114473 114474 114475
 114476 114477 114478 114479 114480 114481 114482 114483 114484 114485
 114486 114487 114488 114489 114490 114491 114492 114493 114494 114495
 114496 114497 114498 114499 114500 114501 114502 114503 114504 114505
 114506 114507 114508 114509 114510 114511 114512 114513 114514 114515
 114516 114517 114518 114519 114520 114521 114522 114523 114524 114525
 114526 114527 114528 114529 114530 114531 114532 114533 114534 114535
 114536 114537 114538 114539 114540 114541 114542 114543 114544 114545
 114546 114547 114548 114549 114550 114551 114552 114553 114554 114555
 114556 114557 114558 114559 114560 114561 114562 114563 114564 114565
 114566 114567 114568 114569 114570 114571 114572 114573 114574 114575
 114576 114577 114578 114579 114580 114581 114582 114583 114584 114585
 114586 114587 114588 114589 114590 114591 114592 114593 114594 114595
 114596 114597 114598 114599 114600 114601 114602 114603 114604 114605
 114606 114607 114608 114609 114610 114611 114612 114613 114614 114615
 114616 114617 114618 114619 114620 114621 114622 114623 114624 114625
 114626 114627 114628 114629 114630 114631 114632 114633 114634 114635
 114636 114637 114638 114639 114640 114641 114642 114643 114644 114645
 114646 114647 114648 114649 114650 114651 114652 114653 114654 114655
 114656 114657 114658 114659 114660 114661 114662 114663 114664 114665
 114666 114667 114668 114669 114670 114671 114672 114673 114674 114675
 114676 114677 114678 114679 114680 114681 114682 114683 114684 114685
 114686 114687 114688 114689 114690 114691 114692 114693 114694 114695
 114696 114697 114698 114699 114700 114701 114702 114703 114704 114705
 114706 114707 114708 114709 114710 114711 114712 114713 114714 114715
 114716 114717 114718 114719 114720 114721 114722 114723 114724 114725
 114726 114727 114728 114729 114730 114731 114732 114733 114734 114735
 114736 114737 114738 114739 114740 114741 114742 114743 114744 114745
 114746 114747 114748 114749 114750 114751 114752 114753 114754 114755
 114756 114757 114758 114759 114760 114761 114762 114763 114764 114765
 114766 114767 114768 114769 114770 114771 114772 114773 114774 114775
 114776 114777 114778 114779 114780 114781 114782 114783 114784 114785
 114786 114787 114788 114789 114790 114791 114792 114793 114794 114795
 114796 114797 114798 114799 114800 114801 114802 114803 114804 114805
 114806 114807 114808 114809 114810 114811 114812 114813 114814 114815
 114816 114817 114818 114819 114820 114821 114822 114823 114824 114825
 114826 114827 114828 114829 114830 114831 114832 114833 114834 114835
 114836 114837 114838 114839 114840 114841 114842 114843 114844 114845
 114846 114847 114848 114849 114850 114851 114852 114853 114854 114855
 114856 114857 114858 114859 114860 114861 114862 114863 114864 114865
 114866 114867 114868 114869 114870 114871 114872 114873 114874 114875
 114876 114877 114878 114879 114880 114881 114882 114883 114884 114885
 114886 114887 114888 114889 114890 114891 114892 114893 114894 114895
 114896 114897 114898 114899 114900 114901 114902 114903 114904 114905
 114906 114907 114908 114909 114910 114911 114912 114913 114914 114915
 114916 114917 114918 114919 114920 114921 114922 114923 114924 114925
 114926 114927 114928 114929 114930 114931 114932 114933 114934 114935
 114936 114937 114938 114939 114940 114941 114942 114943 114944 114945
 114946 114947 114948 114949 114950 114951 114952 114953 114954 114955
 114956 114957 114958 114959 114960 114961 114962 114963 114964 114965
 114966 114967 114968 114969 114970 114971 114972 114973 114974 114975
 114976 114977 114978 114979 114980 114981 114982 114983 114984 114985
 114986 114987 114988 114989 114990 114991 114992 114993 114994 114995
 114996 114997 114998 114999 115000 115001 115002 115003 115004 115005
 115006 115007 115008 115009 115010 115011 115012 115013 115014 115015
 115016 115017 115018 115019 115020 115021 115022 115023 115024 115025
 115026 115027 115028 115029 115030 115031 115032 115033 115034 115035
 115036 115037 115038 115039 115040 115041 115042 115043 115044 115045
 115046 115047 115048 115049 115050 115051 115052 115053 115054 115055
 115056 115057 115058 115059 115060 115061 115062 115063 115064 115065
 115066 115067 115068 115069 115070 115071 115072 115073 115074 115075
 115076 115077 115078 115079 115080 115081 115082 115083 115084 115085
 115086 115087 115088 115089 115090 115091 115092 115093 115094 115095
 115096 115097 115098 115099 115100 115101 115102 115103 115104 115105
 115106 115107 115108 115109 115110 115111 115112 115113 115114 115115
 115116 115117 115118 115119 115120 115121 115122 115123 115124 115125
 115126 115127 115128 115129 115130 115131 115132 115133 115134 115135
 115136 115137 115138 115139 115140 115141 115142 115143 115144 115145
 115146 115147 115148 115149 115150 115151 115152 115153 115154 115155
 115156 115157 115158 115159 115160 115161 115162 115163 115164 115165
 115166 115167 115168 115169 115170 115171 115172 115173 115174 115175
 115176 115177 115178 115179 115180 115181 115182 115183 115184 115185
 115186 115187 115188 115189 115190 115191 115192 115193 115194 115195
 115196 115197 115198 115199 115200 115201 115202 115203 115204 115205
 115206 115207 115208 115209 115210 115211 115212 115213 115214 115215
 115216 115217 115218 115219 115220 115221 115222 115223 115224 115225
 115226 115227 115228 115229 115230 115231 115232 115233 115234 115235
 115236 115237 115238 115239 115240 115241 115242 115243 115244 115245
 115246 115247 115248 115249 115250 115251 115252 115253 115254 115255
 115256 115257 115258 115259 115260 115261 115262 115263 115264 115265
 115266 115267 115268 115269 115270 115271 115272 115273 115274 115275
 115276 115277 115278 115279 115280 115281 115282 115283 115284 115285
 115286 115287 115288 115289 115290 115291 115292 115293 115294 115295
 115296 115297 115298 115299 115300 115301 115302 115303 115304 115305
 115306 115307 115308 115309 115310 115311 115312 115313 115314 115315
 115316 115317 115318 115319 115320 115321 115322 115323 115324 115325
 115326 115327 115328 115329 115330 115331 115332 115333 115334 115335
 115336 115337 115338 115339 115340 115341 115342 115343 115344 115345
 115346 115347 115348 115349 115350 115351 115352 115353 115354 115355
 115356 115357 115358 115359 115360 115361 115362 115363 115364 115365
 115366 115367 115368 115369 115370 115371 115372 115373 115374 115375
 115376 115377 115378 115379 115380 115381 115382 115383 115384 115385
 115386 115387 115388 115389 115390 115391 115392 115393 115394 115395
 115396 115397 115398 115399 115400 115401 115402 115403 115404 115405
 115406 115407 115408 115409 115410 115411 115412 115413 115414 115415
 115416 115417 115418 115419 115420 115421 115422 115423 115424 115425
 115426 115427 115428 115429 115430 115431 115432 115433 115434 115435
 115436 115437 115438 115439 115440 115441 115442 115443 115444 115445
 115446 115447 115448 115449 115450 115451 115452 115453 115454 115455
 115456 115457 115458 115459 115460 115461 115462 115463 115464 115465
 115466 115467 115468 115469 115470 115471 115472 115473 115474 115475
 115476 115477 115478 115479 115480 115481 115482 115483 115484 115485
 115486 115487 115488 115489 115490 115491 115492 115493 115494 115495
 115496 115497 115498 115499 115500 115501 115502 115503 115504 115505
 115506 115507 115508 115509 115510 115511 115512 115513 115514 115515
 115516 115517 115518 115519 115520 115521 115522 115523 115524 115525
 115526 115527 115528 115529 115530 115531 115532 115533 115534 115535
 115536 115537 115538 115539 115540 115541 115542 115543 115544 115545
 115546 115547 115548 115549 115550 115551 115552 115553 115554 115555
 115556 115557 115558 115559 115560 115561 115562 115563 115564 115565
 115566 115567 115568 115569 115570 115571 115572 115573 115574 115575
 115576 115577 115578 115579 115580 115581 115582 115583 115584 115585
 115586 115587 115588 115589 115590 115591 115592 115593 115594 115595
 115596 115597 115598 115599 115600 115601 115602 115603 115604 115605
 115606 115607 115608 115609 115610 115611 115612 115613 115614 115615
 115616 115617 115618 115619 115620 115621 115622 115623 115624 115625
 115626 115627 115628 115629 115630 115631 115632 115633 115634 115635
 115636 115637 115638 115639 115640 115641 115642 115643 115644 115645
 115646 115647 115648 115649 115650 115651 115652 115653 115654 115655
 115656 115657 115658 115659 115660 115661 115662 115663 115664 115665
 115666 115667 115668 115669 115670 115671 115672 115673 115674 115675
 115676 115677 115678 115679 115680 115681 115682 115683 115684 115685
 115686 115687 115688 115689 115690 115691 115692 115693 115694 115695
 115696 115697 115698 115699 115700 115701 115702 115703 115704 115705
 115706 115707 115708 115709 115710 115711 115712 115713 115714 115715
 115716 115717 115718 115719 115720 115721 115722 115723 115724 115725
 115726 115727 115728 115729 115730 115731 115732 115733 115734 115735
 115736 115737 115738 115739 115740 115741 115742 115743 115744 115745
 115746 115747 115748 115749 115750 115751 115752 115753 115754 115755
 115756 115757 115758 115759 115760 115761 115762 115763 115764 115765
 115766 115767 115768 115769 115770 115771 115772 115773 115774 115775
 115776 115777 115778 115779 115780 115781 115782 115783 115784 115785
 115786 115787 115788 115789 115790 115791 115792 115793 115794 115795
 115796 115797 115798 115799 115800 115801 115802 115803 115804 115805
 115806 115807 115808 115809 115810 115811 115812 115813 115814 115815
 115816 115817 115818 115819 115820 115821 115822 115823 115824 115825
 115826 115827 115828 115829 115830 115831 115832 115833 115834 115835
 115836 115837 115838 115839 115840 115841 115842 115843 115844 115845
 115846 115847 115848 115849 115850 115851 115852 115853 115854 115855
 115856 115857 115858 115859 115860 115861 115862 115863 115864 115865
 115866 115867 115868 115869 115870 115871 115872 115873 115874 115875
 115876 115877 115878 115879 115880 115881 115882 115883 115884 115885
 115886 115887 115888 115889 115890 115891 115892 115893 115894 115895
 115896 115897 115898 115899 115900 115901 115902 115903 115904 115905
 115906 115907 115908 115909 115910 115911 115912 115913 115914 115915
 115916 115917 115918 115919 115920 115921 115922 115923 115924 115925
 115926 115927 115928 115929 115930 115931 115932 115933 115934 115935
 115936 115937 115938 115939 115940 115941 115942 115943 115944 115945
 115946 115947 115948 115949 115950 115951 115952 115953 115954 115955
 115956 115957 115958 115959 115960 115961 115962 115963 115964 115965
 115966 115967 115968 115969 115970 115971 115972 115973 115974 115975
 115976 115977 115978 115979 115980 115981 115982 115983 115984 115985
 115986 115987 115988 115989 115990 115991 115992 115993 115994 115995
 115996 115997 115998 115999 116000 116001 116002 116003 116004 116005
 116006 116007 116008 116009 116010 116011 116012 116013 116014 116015
 116016 116017 116018 116019 116020 116021 116022 116023 116024 116025
 116026 116027 116028 116029 116030 116031 116032 116033 116034 116035
 116036 116037 116038 116039 116040 116041 116042 116043 116044 116045
 116046 116047 116048 116049 116050 116051 116052 116053 116054 116055
 116056 116057 116058 116059 116060 116061 116062 116063 116064 116065
 116066 116067 116068 116069 116070 116071 116072 116073 116074 116075
 116076 116077 116078 116079 116080 116081 116082 116083 116084 116085
 116086 116087 116088 116089 116090 116091 116092 116093 116094 116095
 116096 116097 116098 116099 116100 116101 116102 116103 116104 116105
 116106 116107 116108 116109 116110 116111 116112 116113 116114 116115
 116116 116117 116118 116119 116120 116121 116122 116123 116124 116125
 116126 116127 116128 116129 116130 116131 116132 116133 116134 116135
 116136 116137 116138 116139 116140 116141 116142 116143 116144 116145
 116146 116147 116148 116149 116150 116151 116152 116153 116154 116155
 116156 116157 116158 116159 116160 116161 116162 116163 116164 116165
 116166 116167 116168 116169 116170 116171 116172 116173 116174 116175
 116176 116177 116178 116179 116180 116181 116182 116183 116184 116185
 116186 116187 116188 116189 116190 116191 116192 116193 116194 116195
 116196 116197 116198 116199 116200 116201 116202 116203 116204 116205
 116206 116207 116208 116209 116210 116211 116212 116213 116214 116215
 116216 116217 116218 116219 116220 116221 116222 116223 116224 116225
 116226 116227 116228 116229 116230 116231 116232 116233 116234 116235
 116236 116237 116238 116239 116240 116241 116242 116243 116244 116245
 116246 116247 116248 116249 116250 116251 116252 116253 116254 116255
 116256 116257 116258 116259 116260 116261 116262 116263 116264 116265
 116266 116267 116268 116269 116270 116271 116272 116273 116274 116275
 116276 116277 116278 116279 116280 116281 116282 116283 116284 116285
 116286 116287 116288 116289 116290 116291 116292 116293 116294 116295
 116296 116297 116298 116299 116300 116301 116302 116303 116304 116305
 116306 116307 116308 116309 116310 116311 116312 116313 116314 116315
 116316 116317 116318 116319 116320 116321 116322 116323 116324 116325
 116326 116327 116328 116329 116330 116331 116332 116333 116334 116335
 116336 116337 116338 116339 116340 116341 116342 116343 116344 116345
 116346 116347 116348 116349 116350 116351 116352 116353 116354 116355
 116356 116357 116358 116359 116360 116361 116362 116363 116364 116365
 116366 116367 116368 116369 116370 116371 116372 116373 116374 116375
 116376 116377 116378 116379 116380 116381 116382 116383 116384 116385
 116386 116387 116388 116389 116390 116391 116392 116393 116394 116395
 116396 116397 116398 116399 116400 116401 116402 116403 116404 116405
 116406 116407 116408 116409 116410 116411 116412 116413 116414 116415
 116416 116417 116418 116419 116420 116421 116422 116423 116424 116425
 116426 116427 116428 116429 116430 116431 116432 116433 116434 116435
 116436 116437 116438 116439 116440 116441 116442 116443 116444 116445
 116446 116447 116448 116449 116450 116451 116452 116453 116454 116455
 116456 116457 116458 116459 116460 116461 116462 116463 116464 116465
 116466 116467 116468 116469 116470 116471 116472 116473 116474 116475
 116476 116477 116478 116479 116480 116481 116482 116483 116484 116485
 116486 116487 116488 116489 116490 116491 116492 116493 116494 116495
 116496 116497 116498 116499 116500 116501 116502 116503 116504 116505
 116506 116507 116508 116509 116510 116511 116512 116513 116514 116515
 116516 116517 116518 116519 116520 116521 116522 116523 116524 116525
 116526 116527 116528 116529 116530 116531 116532 116533 116534 116535
 116536 116537 116538 116539 116540 116541 116542 116543 116544 116545
 116546 116547 116548 116549 116550 116551 116552 116553 116554 116555
 116556 116557 116558 116559 116560 116561 116562 116563 116564 116565
 116566 116567 116568 116569 116570 116571 116572 116573 116574 116575
 116576 116577 116578 116579 116580 116581 116582 116583 116584 116585
 116586 116587 116588 116589 116590 116591 116592 116593 116594 116595
 116596 116597 116598 116599 116600 116601 116602 116603 116604 116605
 116606 116607 116608 116609 116610 116611 116612 116613 116614 116615
 116616 116617 116618 116619 116620 116621 116622 116623 116624 116625
 116626 116627 116628 116629 116630 116631 116632 116633 116634 116635
 116636 116637 116638 116639 116640 116641 116642 116643 116644 116645
 116646 116647 116648 116649 116650 116651 116652 116653 116654 116655
 116656 116657 116658 116659 116660 116661 116662 116663 116664 116665
 116666 116667 116668 116669 116670 116671 116672 116673 116674 116675
 116676 116677 116678 116679 116680 116681 116682 116683 116684 116685
 116686 116687 116688 116689 116690 116691 116692 116693 116694 116695
 116696 116697 116698 116699 116700 116701 116702 116703 116704 116705
 116706 116707 116708 116709 116710 116711 116712 116713 116714 116715
 116716 116717 116718 116719 116720 116721 116722 116723 116724 116725
 116726 116727 116728 116729 116730 116731 116732 116733 116734 116735
 116736 116737 116738 116739 116740 116741 116742 116743 116744 116745
 116746 116747 116748 116749 116750 116751 116752 116753 116754 116755
 116756 116757 116758 116759 116760 116761 116762 116763 116764 116765
 116766 116767 116768 116769 116770 116771 116772 116773 116774 116775
 116776 116777 116778 116779 116780 116781 116782 116783 116784 116785
 116786 116787 116788 116789 116790 116791 116792 116793 116794 116795
 116796 116797 116798 116799 116800 116801 116802 116803 116804 116805
 116806 116807 116808 116809 116810 116811 116812 116813 116814 116815
 116816 116817 116818 116819 116820 116821 116822 116823 116824 116825
 116826 116827 116828 116829 116830 116831 116832 116833 116834 116835
 116836 116837 116838 116839 116840 116841 116842 116843 116844 116845
 116846 116847 116848 116849 116850 116851 116852 116853 116854 116855
 116856 116857 116858 116859 116860 116861 116862 116863 116864 116865
 116866 116867 116868 116869 116870 116871 116872 116873 116874 116875
 116876 116877 116878 116879 116880 116881 116882 116883 116884 116885
 116886 116887 116888 116889 116890 116891 116892 116893 116894 116895
 116896 116897 116898 116899 116900 116901 116902 116903 116904 116905
 116906 116907 116908 116909 116910 116911 116912 116913 116914 116915
 116916 116917 116918 116919 116920 116921 116922 116923 116924 116925
 116926 116927 116928 116929 116930 116931 116932 116933 116934 116935
 116936 116937 116938 116939 116940 116941 116942 116943 116944 116945
 116946 116947 116948 116949 116950 116951 116952 116953 116954 116955
 116956 116957 116958 116959 116960 116961 116962 116963 116964 116965
 116966 116967 116968 116969 116970 116971 116972 116973 116974 116975
 116976 116977 116978 116979 116980 116981 116982 116983 116984 116985
 116986 116987 116988 116989 116990 116991 116992 116993 116994 116995
 116996 116997 116998 116999 117000 117001 117002 117003 117004 117005
 117006 117007 117008 117009 117010 117011 117012 117013 117014 117015
 117016 117017 117018 117019 117020 117021 117022 117023 117024 117025
 117026 117027 117028 117029 117030 117031 117032 117033 117034 117035
 117036 117037 117038 117039 117040 117041 117042 117043 117044 117045
 117046 117047 117048 117049 117050 117051 117052 117053 117054 117055
 117056 117057 117058 117059 117060 117061 117062 117063 117064 117065
 117066 117067 117068 117069 117070 117071 117072 117073 117074 117075
 117076 117077 117078 117079 117080 117081 117082 117083 117084 117085
 117086 117087 117088 117089 117090 117091 117092 117093 117094 117095
 117096 117097 117098 117099 117100 117101 117102 117103 117104 117105
 117106 117107 117108 117109 117110 117111 117112 117113 117114 117115
 117116 117117 117118 117119 117120 117121 117122 117123 117124 117125
 117126 117127 117128 117129 117130 117131 117132 117133 117134 117135
 117136 117137 117138 117139 117140 117141 117142 117143 117144 117145
 117146 117147 117148 117149 117150 117151 117152 117153 117154 117155
 117156 117157 117158 117159 117160 117161 117162 117163 117164 117165
 117166 117167 117168 117169 117170 117171 117172 117173 117174 117175
 117176 117177 117178 117179 117180 117181 117182 117183 117184 117185
 117186 117187 117188 117189 117190 117191 117192 117193 117194 117195
 117196 117197 117198 117199 117200 117201 117202 117203 117204 117205
 117206 117207 117208 117209 117210 117211 117212 117213 117214 117215
 117216 117217 117218 117219 117220 117221 117222 117223 117224 117225
 117226 117227 117228 117229 117230 117231 117232 117233 117234 117235
 117236 117237 117238 117239 117240 117241 117242 117243 117244 117245
 117246 117247 117248 117249 117250 117251 117252 117253 117254 117255
 117256 117257 117258 117259 117260 117261 117262 117263 117264 117265
 117266 117267 117268 117269 117270 117271 117272 117273 117274 117275
 117276 117277 117278 117279 117280 117281 117282 117283 117284 117285
 117286 117287 117288 117289 117290 117291 117292 117293 117294 117295
 117296 117297 117298 117299 117300 117301 117302 117303 117304 117305
 117306 117307 117308 117309 117310 117311 117312 117313 117314 117315
 117316 117317 117318 117319 117320 117321 117322 117323 117324 117325
 117326 117327 117328 117329 117330 117331 117332 117333 117334 117335
 117336 117337 117338 117339 117340 117341 117342 117343 117344 117345
 117346 117347 117348 117349 117350 117351 117352 117353 117354 117355
 117356 117357 117358 117359 117360 117361 117362 117363 117364 117365
 117366 117367 117368 117369 117370 117371 117372 117373 117374 117375
 117376 117377 117378 117379 117380 117381 117382 117383 117384 117385
 117386 117387 117388 117389 117390 117391 117392 117393 117394 117395
 117396 117397 117398 117399 117400 117401 117402 117403 117404 117405
 117406 117407 117408 117409 117410 117411 117412 117413 117414 117415
 117416 117417 117418 117419 117420 117421 117422 117423 117424 117425
 117426 117427 117428 117429 117430 117431 117432 117433 117434 117435
 117436 117437 117438 117439 117440 117441 117442 117443 117444 117445
 117446 117447 117448 117449 117450 117451 117452 117453 117454 117455
 117456 117457 117458 117459 117460 117461 117462 117463 117464 117465
 117466 117467 117468 117469 117470 117471 117472 117473 117474 117475
 117476 117477 117478 117479 117480 117481 117482 117483 117484 117485
 117486 117487 117488 117489 117490 117491 117492 117493 117494 117495
 117496 117497 117498 117499 117500 117501 117502 117503 117504 117505
 117506 117507 117508 117509 117510 117511 117512 117513 117514 117515
 117516 117517 117518 117519 117520 117521 117522 117523 117524 117525
 117526 117527 117528 117529 117530 117531 117532 117533 117534 117535
 117536 117537 117538 117539 117540 117541 117542 117543 117544 117545
 117546 117547 117548 117549 117550 117551 117552 117553 117554 117555
 117556 117557 117558 117559 117560 117561 117562 117563 117564 117565
 117566 117567 117568 117569 117570 117571 117572 117573 117574 117575
 117576 117577 117578 117579 117580 117581 117582 117583 117584 117585
 117586 117587 117588 117589 117590 117591 117592 117593 117594 117595
 117596 117597 117598 117599 117600 117601 117602 117603 117604 117605
 117606 117607 117608 117609 117610 117611 117612 117613 117614 117615
 117616 117617 117618 117619 117620 117621 117622 117623 117624 117625
 117626 117627 117628 117629 117630 117631 117632 117633 117634 117635
 117636 117637 117638 117639 117640 117641 117642 117643 117644 117645
 117646 117647 117648 117649 117650 117651 117652 117653 117654 117655
 117656 117657 117658 117659 117660 117661 117662 117663 117664 117665
 117666 117667 117668 117669 117670 117671 117672 117673 117674 117675
 117676 117677 117678 117679 117680 117681 117682 117683 117684 117685
 117686 117687 117688 117689 117690 117691 117692 117693 117694 117695
 117696 117697 117698 117699 117700 117701 117702 117703 117704 117705
 117706 117707 117708 117709 117710 117711 117712 117713 117714 117715
 117716 117717 117718 117719 117720 117721 117722 117723 117724 117725
 117726 117727 117728 117729 117730 117731 117732 117733 117734 117735
 117736 117737 117738 117739 117740 117741 117742 117743 117744 117745
 117746 117747 117748 117749 117750 117751 117752 117753 117754 117755
 117756 117757 117758 117759 117760 117761 117762 117763 117764 117765
 117766 117767 117768 117769 117770 117771 117772 117773 117774 117775
 117776 117777 117778 117779 117780 117781 117782 117783 117784 117785
 117786 117787 117788 117789 117790 117791 117792 117793 117794 117795
 117796 117797 117798 117799 117800 117801 117802 117803 117804 117805
 117806 117807 117808 117809 117810 117811 117812 117813 117814 117815
 117816 117817 117818 117819 117820 117821 117822 117823 117824 117825
 117826 117827 117828 117829 117830 117831 117832 117833 117834 117835
 117836 117837 117838 117839 117840 117841 117842 117843 117844 117845
 117846 117847 117848 117849 117850 117851 117852 117853 117854 117855
 117856 117857 117858 117859 117860 117861 117862 117863 117864 117865
 117866 117867 117868 117869 117870 117871 117872 117873 117874 117875
 117876 117877 117878 117879 117880 117881 117882 117883 117884 117885
 117886 117887 117888 117889 117890 117891 117892 117893 117894 117895
 117896 117897 117898 117899 117900 117901 117902 117903 117904 117905
 117906 117907 117908 117909 117910 117911 117912 117913 117914 117915
 117916 117917 117918 117919 117920 117921 117922 117923 117924 117925
 117926 117927 117928 117929 117930 117931 117932 117933 117934 117935
 117936 117937 117938 117939 117940 117941 117942 117943 117944 117945
 117946 117947 117948 117949 117950 117951 117952 117953 117954 117955
 117956 117957 117958 117959 117960 117961 117962 117963 117964 117965
 117966 117967 117968 117969 117970 117971 117972 117973 117974 117975
 117976 117977 117978 117979 117980 117981 117982 117983 117984 117985
 117986 117987 117988 117989 117990 117991 117992 117993 117994 117995
 117996 117997 117998 117999 118000 118001 118002 118003 118004 118005
 118006 118007 118008 118009 118010 118011 118012 118013 118014 118015
 118016 118017 118018 118019 118020 118021 118022 118023 118024 118025
 118026 118027 118028 118029 118030 118031 118032 118033 118034 118035
 118036 118037 118038 118039 118040 118041 118042 118043 118044 118045
 118046 118047 118048 118049 118050 118051 118052 118053 118054 118055
 118056 118057 118058 118059 118060 118061 118062 118063 118064 118065
 118066 118067 118068 118069 118070 118071 118072 118073 118074 118075
 118076 118077 118078 118079 118080 118081 118082 118083 118084 118085
 118086 118087 118088 118089 118090 118091 118092 118093 118094 118095
 118096 118097 118098 118099 118100 118101 118102 118103 118104 118105
 118106 118107 118108 118109 118110 118111 118112 118113 118114 118115
 118116 118117 118118 118119 118120 118121 118122 118123 118124 118125
 118126 118127 118128 118129 118130 118131 118132 118133 118134 118135
 118136 118137 118138 118139 118140 118141 118142 118143 118144 118145
 118146 118147 118148 118149 118150 118151 118152 118153 118154 118155
 118156 118157 118158 118159 118160 118161 118162 118163 118164 118165
 118166 118167 118168 118169 118170 118171 118172 118173 118174 118175
 118176 118177 118178 118179 118180 118181 118182 118183 118184 118185
 118186 118187 118188 118189 118190 118191 118192 118193 118194 118195
 118196 118197 118198 118199 118200 118201 118202 118203 118204 118205
 118206 118207 118208 118209 118210 118211 118212 118213 118214 118215
 118216 118217 118218 118219 118220 118221 118222 118223 118224 118225
 118226 118227 118228 118229 118230 118231 118232 118233 118234 118235
 118236 118237 118238 118239 118240 118241 118242 118243 118244 118245
 118246 118247 118248 118249 118250 118251 118252 118253 118254 118255
 118256 118257 118258 118259 118260 118261 118262 118263 118264 118265
 118266 118267 118268 118269 118270 118271 118272 118273 118274 118275
 118276 118277 118278 118279 118280 118281 118282 118283 118284 118285
 118286 118287 118288 118289 118290 118291 118292 118293 118294 118295
 118296 118297 118298 118299 118300 118301 118302 118303 118304 118305
 118306 118307 118308 118309 118310 118311 118312 118313 118314 118315
 118316 118317 118318 118319 118320 118321 118322 118323 118324 118325
 118326 118327 118328 118329 118330 118331 118332 118333 118334 118335
 118336 118337 118338 118339 118340 118341 118342 118343 118344 118345
 118346 118347 118348 118349 118350 118351 118352 118353 118354 118355
 118356 118357 118358 118359 118360 118361 118362 118363 118364 118365
 118366 118367 118368 118369 118370 118371 118372 118373 118374 118375
 118376 118377 118378 118379 118380 118381 118382 118383 118384 118385
 118386 118387 118388 118389 118390 118391 118392 118393 118394 118395
 118396 118397 118398 118399 118400 118401 118402 118403 118404 118405
 118406 118407 118408 118409 118410 118411 118412 118413 118414 118415
 118416 118417 118418 118419 118420 118421 118422 118423 118424 118425
 118426 118427 118428 118429 118430 118431 118432 118433 118434 118435
 118436 118437 118438 118439 118440 118441 118442 118443 118444 118445
 118446 118447 118448 118449 118450 118451 118452 118453 118454 118455
 118456 118457 118458 118459 118460 118461 118462 118463 118464 118465
 118466 118467 118468 118469 118470 118471 118472 118473 118474 118475
 118476 118477 118478 118479 118480 118481 118482 118483 118484 118485
 118486 118487 118488 118489 118490 118491 118492 118493 118494 118495
 118496 118497 118498 118499 118500 118501 118502 118503 118504 118505
 118506 118507 118508 118509 118510 118511 118512 118513 118514 118515
 118516 118517 118518 118519 118520 118521 118522 118523 118524 118525
 118526 118527 118528 118529 118530 118531 118532 118533 118534 118535
 118536 118537 118538 118539 118540 118541 118542 118543 118544 118545
 118546 118547 118548 118549 118550 118551 118552 118553 118554 118555
 118556 118557 118558 118559 118560 118561 118562 118563 118564 118565
 118566 118567 118568 118569 118570 118571 118572 118573 118574 118575
 118576 118577 118578 118579 118580 118581 118582 118583 118584 118585
 118586 118587 118588 118589 118590 118591 118592 118593 118594 118595
 118596 118597 118598 118599 118600 118601 118602 118603 118604 118605
 118606 118607 118608 118609 118610 118611 118612 118613 118614 118615
 118616 118617 118618 118619 118620 118621 118622 118623 118624 118625
 118626 118627 118628 118629 118630 118631 118632 118633 118634 118635
 118636 118637 118638 118639 118640 118641 118642 118643 118644 118645
 118646 118647 118648 118649 118650 118651 118652 118653 118654 118655
 118656 118657 118658 118659 118660 118661 118662 118663 118664 118665
 118666 118667 118668 118669 118670 118671 118672 118673 118674 118675
 118676 118677 118678 118679 118680 118681 118682 118683 118684 118685
 118686 118687 118688 118689 118690 118691 118692 118693 118694 118695
 118696 118697 118698 118699 118700 118701 118702 118703 118704 118705
 118706 118707 118708 118709 118710 118711 118712 118713 118714 118715
 118716 118717 118718 118719 118720 118721 118722 118723 118724 118725
 118726 118727 118728 118729 118730 118731 118732 118733 118734 118735
 118736 118737 118738 118739 118740 118741 118742 118743 118744 118745
 118746 118747 118748 118749 118750 118751 118752 118753 118754 118755
 118756 118757 118758 118759 118760 118761 118762 118763 118764 118765
 118766 118767 118768 118769 118770 118771 118772 118773 118774 118775
 118776 118777 118778 118779 118780 118781 118782 118783 118784 118785
 118786 118787 118788 118789 118790 118791 118792 118793 118794 118795
 118796 118797 118798 118799 118800 118801 118802 118803 118804 118805
 118806 118807 118808 118809 118810 118811 118812 118813 118814 118815
 118816 118817 118818 118819 118820 118821 118822 118823 118824 118825
 118826 118827 118828 118829 118830 118831 118832 118833 118834 118835
 118836 118837 118838 118839 118840 118841 118842 118843 118844 118845
 118846 118847 118848 118849 118850 118851 118852 118853 118854 118855
 118856 118857 118858 118859 118860 118861 118862 118863 118864 118865
 118866 118867 118868 118869 118870 118871 118872 118873 118874 118875
 118876 118877 118878 118879 118880 118881 118882 118883 118884 118885
 118886 118887 118888 118889 118890 118891 118892 118893 118894 118895
 118896 118897 118898 118899 118900 118901 118902 118903 118904 118905
 118906 118907 118908 118909 118910 118911 118912 118913 118914 118915
 118916 118917 118918 118919 118920 118921 118922 118923 118924 118925
 118926 118927 118928 118929 118930 118931 118932 118933 118934 118935
 118936 118937 118938 118939 118940 118941 118942 118943 118944 118945
 118946 118947 118948 118949 118950 118951 118952 118953 118954 118955
 118956 118957 118958 118959 118960 118961 118962 118963 118964 118965
 118966 118967 118968 118969 118970 118971 118972 118973 118974 118975
 118976 118977 118978 118979 118980 118981 118982 118983 118984 118985
 118986 118987 118988 118989 118990 118991 118992 118993 118994 118995
 118996 118997 118998 118999 119000 119001 119002 119003 119004 119005
 119006 119007 119008 119009 119010 119011 119012 119013 119014 119015
 119016 119017 119018 119019 119020 119021 119022 119023 119024 119025
 119026 119027 119028 119029 119030 119031 119032 119033 119034 119035
 119036 119037 119038 119039 119040 119041 119042 119043 119044 119045
 119046 119047 119048 119049 119050 119051 119052 119053 119054 119055
 119056 119057 119058 119059 119060 119061 119062 119063 119064 119065
 119066 119067 119068 119069 119070 119071 119072 119073 119074 119075
 119076 119077 119078 119079 119080 119081 119082 119083 119084 119085
 119086 119087 119088 119089 119090 119091 119092 119093 119094 119095
 119096 119097 119098 119099 119100 119101 119102 119103 119104 119105
 119106 119107 119108 119109 119110 119111 119112 119113 119114 119115
 119116 119117 119118 119119 119120 119121 119122 119123 119124 119125
 119126 119127 119128 119129 119130 119131 119132 119133 119134 119135
 119136 119137 119138 119139 119140 119141 119142 119143 119144 119145
 119146 119147 119148 119149 119150 119151 119152 119153 119154 119155
 119156 119157 119158 119159 119160 119161 119162 119163 119164 119165
 119166 119167 119168 119169 119170 119171 119172 119173 119174 119175
 119176 119177 119178 119179 119180 119181 119182 119183 119184 119185
 119186 119187 119188 119189 119190 119191 119192 119193 119194 119195
 119196 119197 119198 119199 119200 119201 119202 119203 119204 119205
 119206 119207 119208 119209 119210 119211 119212 119213 119214 119215
 119216 119217 119218 119219 119220 119221 119222 119223 119224 119225
 119226 119227 119228 119229 119230 119231 119232 119233 119234 119235
 119236 119237 119238 119239 119240 119241 119242 119243 119244 119245
 119246 119247 119248 119249 119250 119251 119252 119253 119254 119255
 119256 119257 119258 119259 119260 119261 119262 119263 119264 119265
 119266 119267 119268 119269 119270 119271 119272 119273 119274 119275
 119276 119277 119278 119279 119280 119281 119282 119283 119284 119285
 119286 119287 119288 119289 119290 119291 119292 119293 119294 119295
 119296 119297 119298 119299 119300 119301 119302 119303 119304 119305
 119306 119307 119308 119309 119310 119311 119312 119313 119314 119315
 119316 119317 119318 119319 119320 119321 119322 119323 119324 119325
 119326 119327 119328 119329 119330 119331 119332 119333 119334 119335
 119336 119337 119338 119339 119340 119341 119342 119343 119344 119345
 119346 119347 119348 119349 119350 119351 119352 119353 119354 119355
 119356 119357 119358 119359 119360 119361 119362 119363 119364 119365
 119366 119367 119368 119369 119370 119371 119372 119373 119374 119375
 119376 119377 119378 119379 119380 119381 119382 119383 119384 119385
 119386 119387 119388 119389 119390 119391 119392 119393 119394 119395
 119396 119397 119398 119399 119400 119401 119402 119403 119404 119405
 119406 119407 119408 119409 119410 119411 119412 119413 119414 119415
 119416 119417 119418 119419 119420 119421 119422 119423 119424 119425
 119426 119427 119428 119429 119430 119431 119432 119433 119434 119435
 119436 119437 119438 119439 119440 119441 119442 119443 119444 119445
 119446 119447 119448 119449 119450 119451 119452 119453 119454 119455
 119456 119457 119458 119459 119460 119461 119462 119463 119464 119465
 119466 119467 119468 119469 119470 119471 119472 119473 119474 119475
 119476 119477 119478 119479 119480 119481 119482 119483 119484 119485
 119486 119487 119488 119489 119490 119491 119492 119493 119494 119495
 119496 119497 119498 119499 119500 119501 119502 119503 119504 119505
 119506 119507 119508 119509 119510 119511 119512 119513 119514 119515
 119516 119517 119518 119519 119520 119521 119522 119523 119524 119525
 119526 119527 119528 119529 119530 119531 119532 119533 119534 119535
 119536 119537 119538 119539 119540 119541 119542 119543 119544 119545
 119546 119547 119548 119549 119550 119551 119552 119553 119554 119555
 119556 119557 119558 119559 119560 119561 119562 119563 119564 119565
 119566 119567 119568 119569 119570 119571 119572 119573 119574 119575
 119576 119577 119578 119579 119580 119581 119582 119583 119584 119585
 119586 119587 119588 119589 119590 119591 119592 119593 119594 119595
 119596 119597 119598 119599 119600 119601 119602 119603 119604 119605
 119606 119607 119608 119609 119610 119611 119612 119613 119614 119615
 119616 119617 119618 119619 119620 119621 119622 119623 119624 119625
 119626 119627 119628 119629 119630 119631 119632 119633 119634 119635
 119636 119637 119638 119639 119640 119641 119642 119643 119644 119645
 119646 119647 119648 119649 119650 119651 119652 119653 119654 119655
 119656 119657]
